run_id,saved_at_utc,reviewer,manual_status,manual_notes,manual_onset_time_s,manual_onset_gamma_g,manual_envelope_px,manual_raw_envelope_px,manual_log10_excess_px,manual_best_frequency_hz,manual_frequency_coherence,concentration_wt,nominal_drive_frequency_hz,drive_frequency_hz,automatic_accepted,automatic_onset_time_s,automatic_onset_gamma_g,automatic_strategy,automatic_accepted_estimates,automatic_uncertainty_iqr_gamma_g,old_threshold_onset_time_s,old_threshold_onset_gamma_g,previous_growth_onset_time_s,previous_growth_onset_gamma_g,diagnostic_fit_status,diagnostic_fit_r2,diagnostic_fit_slope_log10_per_g,source_batch_summary,source_summary_json,source_metrics_csv,original_manual_pick_batch,manual_onset_gamma_z_g,manual_onset_gamma_vector_recomputed_g,manual_gamma_metrics_csv,actual_drive_frequency_hz,recommended_onset_gamma_g,nu_m2_s,mu_pa_s,depth_mm,rho_kg_m3,surface_tension_N_per_m,manual_rect_mode_theory_gamma_g,manual_continuous_min_theory_gamma_g,manual_gamma_z_minus_rect_theory_g,manual_gamma_z_minus_continuous_min_theory_g,absolute_error_gamma_g
may27_20wt_15Hz_runup_IMG_0045,2026-06-03T14:04:23+00:00,,accepted,,3.61695599132,0.2230209743294277,0.0090707638067893,0.0088626108565177,-2.5403121754328315,8.713474817854538,0.0165745856353591,20,15.0,15.299999999999953,True,4.780558244802106,0.3057069797192204,sensitive_q25,108,0.0790082323301005,7.826667,0.4345485577799092,7.323333,0.4114661014894508,,,,outputs/runup_analysis/early_growth_onset/manual_review_all_current_20260603/early_growth_batch_summary.csv,outputs/runup_analysis/early_growth_onset/jun1_normalized_csv_20260602_081655/May27_20wt_15Hz_IMG_0045/early_growth_summary.json,outputs/runup_analysis/early_growth_onset/jun1_normalized_csv_20260602_081655/May27_20wt_15Hz_IMG_0045/early_growth_metrics.csv,,0.22451931738269776,0.22530643370887823,outputs/runup_analysis/May27_20wt_15Hz_IMG_0045/accelerometer_gamma_metrics.csv,15.299999999999953,0.22451931738269776,1.4512491001545784e-06,0.0015245086668082,5.711672744476956,1050.4803528531722,0.0712,0.07593280979780324,0.04071467165363004,0.1485865075848945,0.1838046457290677,0.1838046457290677
may27_20wt_15Hz_runup_IMG_0046,2026-06-03T14:02:47+00:00,,accepted,,3.87114299072,0.1803807976110963,0.0134265026907391,0.0131406672802298,-2.0275584675634883,7.699999999999971,1.0,20,15.0,15.299999999999953,True,8.321667,0.2815365211056882,sensitive_q25,216,0.0263836740559099,10.402083,0.3849329824060452,9.67,0.3523037311523757,,,,outputs/runup_analysis/early_growth_onset/manual_review_all_current_20260603/early_growth_batch_summary.csv,outputs/runup_analysis/early_growth_onset/jun1_normalized_csv_20260602_081655/May27_20wt_15Hz_IMG_0046/early_growth_summary.json,outputs/runup_analysis/early_growth_onset/jun1_normalized_csv_20260602_081655/May27_20wt_15Hz_IMG_0046/early_growth_metrics.csv,,0.17848825704875163,0.1790171336349042,outputs/runup_analysis/May27_20wt_15Hz_IMG_0046/accelerometer_gamma_metrics.csv,15.299999999999953,0.17848825704875163,1.4512491001545784e-06,0.0015245086668082,5.711672744476956,1050.4803528531722,0.0712,0.07593280979780324,0.04071467165363004,0.10255544725094838,0.13777358539512158,0.13777358539512158
may27_20wt_15Hz_runup_IMG_0047,2026-06-03T14:03:15+00:00,,accepted,,3.85864199074,0.1302406351192997,0.0083954296778675,0.0088397412358878,-2.281569151140768,7.6687063923685805,0.988950276243094,20,15.0,15.299999999999953,True,7.893907649607417,0.2886465430539139,sensitive_q25,144,0.0558120082912365,9.72,0.3777218247887506,8.72125,0.3433954932034381,,,,outputs/runup_analysis/early_growth_onset/manual_review_all_current_20260603/early_growth_batch_summary.csv,outputs/runup_analysis/early_growth_onset/jun1_normalized_csv_20260602_081655/May27_20wt_15Hz_IMG_0047/early_growth_summary.json,outputs/runup_analysis/early_growth_onset/jun1_normalized_csv_20260602_081655/May27_20wt_15Hz_IMG_0047/early_growth_metrics.csv,,0.1295382185112669,0.13001894377086198,outputs/runup_analysis/May27_20wt_15Hz_IMG_0047/accelerometer_gamma_metrics.csv,15.299999999999953,0.1295382185112669,1.4512491001545784e-06,0.0015245086668082,5.711672744476956,1050.4803528531722,0.0712,0.07593280979780324,0.04071467165363004,0.053605408713463656,0.08882354685763685,0.08882354685763685
may27_20wt_17Hz_runup_IMG_0051,2026-06-03T14:04:56+00:00,,accepted,,6.41717998461,0.281976481009029,0.0113658312683001,0.0116271351463727,-2.768296063603532,7.84999999999997,0.5402034339661667,20,17.0,17.399999999999945,True,6.890417,0.3075823721172785,sensitive_q25,162,0.0236008313509278,8.742083,0.3656384026981505,8.22625,0.3489179309549982,,,,outputs/runup_analysis/early_growth_onset/manual_review_all_current_20260603/early_growth_batch_summary.csv,outputs/runup_analysis/early_growth_onset/jun1_normalized_csv_20260602_081655/May27_20wt_17Hz_IMG_0051/early_growth_summary.json,outputs/runup_analysis/early_growth_onset/jun1_normalized_csv_20260602_081655/May27_20wt_17Hz_IMG_0051/early_growth_metrics.csv,,0.2803750266910446,0.283161813096979,outputs/runup_analysis/May27_20wt_17Hz_IMG_0051/accelerometer_gamma_metrics.csv,17.399999999999945,0.2803750266910446,1.4512491001545784e-06,0.0015245086668082,5.711672744476956,1050.4803528531722,0.0712,0.04809152280181187,0.03915351563682066,0.23228350388923272,0.24122151105422393,0.24122151105422393
may27_20wt_17Hz_runup_IMG_0052,2026-06-03T14:13:07+00:00,,accepted,,11.53008897234,0.279548360991238,0.0109606596564839,0.0117453801851266,-2.1539652156857527,7.84999999999997,0.1602209944751381,20,17.0,17.399999999999945,True,12.541734657650576,0.3077811999008208,sensitive_q25,162,0.0141100751144488,14.313333,0.3451959577256769,13.119167,0.3269976586353522,,,,outputs/runup_analysis/early_growth_onset/manual_review_all_current_20260603/early_growth_batch_summary.csv,outputs/runup_analysis/early_growth_onset/jun1_normalized_csv_20260602_081655/May27_20wt_17Hz_IMG_0052/early_growth_summary.json,outputs/runup_analysis/early_growth_onset/jun1_normalized_csv_20260602_081655/May27_20wt_17Hz_IMG_0052/early_growth_metrics.csv,,0.27693104248516826,0.28035565586225386,outputs/runup_analysis/May27_20wt_17Hz_IMG_0052/accelerometer_gamma_metrics.csv,17.399999999999945,0.27693104248516826,1.4512491001545784e-06,0.0015245086668082,5.711672744476956,1050.4803528531722,0.0712,0.04809152280181187,0.03915351563682066,0.2288395196833564,0.2377775268483476,0.2377775268483476
may27_20wt_17Hz_runup_IMG_0053,2026-06-03T14:13:19+00:00,,accepted,,8.02144361903477,0.2434276219719008,0.0103128054682875,0.0102742203476689,-2.148481860579913,7.842326200609301,0.0837208618111236,20,17.0,17.399999999999945,True,8.02144361903477,0.2429613732559507,sensitive_q25,108,0.0513157355578592,12.87375,0.3411665946055113,11.933333,0.3234982764499929,,,,outputs/runup_analysis/early_growth_onset/manual_review_all_current_20260603/early_growth_batch_summary.csv,outputs/runup_analysis/early_growth_onset/jun1_normalized_csv_20260602_081655/May27_20wt_17Hz_IMG_0053/early_growth_summary.json,outputs/runup_analysis/early_growth_onset/jun1_normalized_csv_20260602_081655/May27_20wt_17Hz_IMG_0053/early_growth_metrics.csv,,0.24151249522121354,0.24366509407790576,outputs/runup_analysis/May27_20wt_17Hz_IMG_0053/accelerometer_gamma_metrics.csv,17.399999999999945,0.24151249522121354,1.4512491001545784e-06,0.0015245086668082,5.711672744476956,1050.4803528531722,0.0712,0.04809152280181187,0.03915351563682066,0.19342097241940168,0.2023589795843929,0.2023589795843929
may27_20wt_20Hz_runup_IMG_0056,2026-06-03T14:14:13+00:00,,accepted,,11.07588597342,0.298120677640757,0.0124116581949991,0.0108009168309751,-2.03616699865981,9.949999999999983,0.7569060773480663,20,20.0,20.499999999999936,True,7.095919990366328,0.1902781066765002,median_due_to_ensemble_spread,108,0.1760743178393784,13.535417,0.374730218034092,12.711667,0.3474382918023651,,,,outputs/runup_analysis/early_growth_onset/manual_review_all_current_20260603/early_growth_batch_summary.csv,outputs/runup_analysis/early_growth_onset/jun1_normalized_csv_20260602_081655/May27_20wt_20Hz_IMG_0056/early_growth_summary.json,outputs/runup_analysis/early_growth_onset/jun1_normalized_csv_20260602_081655/May27_20wt_20Hz_IMG_0056/early_growth_metrics.csv,,0.27115774680053445,0.2975845921981677,outputs/runup_analysis/May27_20wt_20Hz_IMG_0056/accelerometer_gamma_metrics.csv,20.499999999999936,0.27115774680053445,1.4512491001545784e-06,0.0015245086668082,5.711672744476956,1050.4803528531722,0.0712,0.04304334224345856,0.03934612090449731,0.22811440455707588,0.23181162589603715,0.23181162589603715
may27_20wt_20Hz_runup_IMG_0057,2026-06-03T14:14:44+00:00,,accepted,,8.26316098018,0.306561820302643,0.0125765545226746,0.0117784565568506,-2.0416778783135183,11.75000000000001,0.5414364640883977,20,20.0,20.499999999999936,True,6.498528638611673,0.2402173142859328,median_due_to_ensemble_spread,108,0.1124346985037,10.826667,0.3642437688867343,10.1775,0.3399961070348143,,,,outputs/runup_analysis/early_growth_onset/manual_review_all_current_20260603/early_growth_batch_summary.csv,outputs/runup_analysis/early_growth_onset/jun1_normalized_csv_20260602_081655/May27_20wt_20Hz_IMG_0057/early_growth_summary.json,outputs/runup_analysis/early_growth_onset/jun1_normalized_csv_20260602_081655/May27_20wt_20Hz_IMG_0057/early_growth_metrics.csv,,0.2789111012811895,0.30639347931009303,outputs/runup_analysis/May27_20wt_20Hz_IMG_0057/accelerometer_gamma_metrics.csv,20.499999999999936,0.2789111012811895,1.4512491001545784e-06,0.0015245086668082,5.711672744476956,1050.4803528531722,0.0712,0.04304334224345856,0.03934612090449731,0.23586775903773094,0.23956498037669222,0.23956498037669222
may27_20wt_20Hz_runup_IMG_0058,2026-06-03T14:15:11+00:00,,accepted,,11.10505497335,0.2967643694068809,0.0125246998796761,0.0109883646983646,-2.024115842407289,9.854343972282186,0.7237569060773481,20,20.0,20.499999999999936,True,8.709571671062832,0.2129703591553281,median_due_to_ensemble_spread,108,0.0848538342604958,13.805833,0.349725580089529,12.2683335,0.3223644641154177,,,,outputs/runup_analysis/early_growth_onset/manual_review_all_current_20260603/early_growth_batch_summary.csv,outputs/runup_analysis/early_growth_onset/jun1_normalized_csv_20260602_081655/May27_20wt_20Hz_IMG_0058/early_growth_summary.json,outputs/runup_analysis/early_growth_onset/jun1_normalized_csv_20260602_081655/May27_20wt_20Hz_IMG_0058/early_growth_metrics.csv,,0.27049044575989484,0.29547386076709853,outputs/runup_analysis/May27_20wt_20Hz_IMG_0058/accelerometer_gamma_metrics.csv,20.499999999999936,0.27049044575989484,1.4512491001545784e-06,0.0015245086668082,5.711672744476956,1050.4803528531722,0.0712,0.04304334224345856,0.03934612090449731,0.22744710351643627,0.23114432485539754,0.23114432485539754
may27_20wt_22Hz_runup_IMG_0061,2026-06-03T14:15:46+00:00,,accepted,,14.18030096598,0.3330561799653802,0.0126814716088194,0.0110511706157884,-2.0078181008091898,10.952845937125309,0.6683544423363241,20,22.0,22.54999999999993,True,15.145892607815885,0.3470746481845255,median_due_to_ensemble_spread,198,0.1734131463349901,16.51875,0.3757058603791854,15.5095835,0.3542820160092548,,,,outputs/runup_analysis/early_growth_onset/manual_review_all_current_20260603/early_growth_batch_summary.csv,outputs/runup_analysis/early_growth_onset/jun1_normalized_csv_20260602_081655/May27_20wt_22Hz_IMG_0061/early_growth_summary.json,outputs/runup_analysis/early_growth_onset/jun1_normalized_csv_20260602_081655/May27_20wt_22Hz_IMG_0061/early_growth_metrics.csv,,0.32041782541139363,0.33270534186324846,outputs/runup_analysis/May27_20wt_22Hz_IMG_0061/accelerometer_gamma_metrics.csv,22.54999999999993,0.32041782541139363,1.4512491001545784e-06,0.0015245086668082,5.711672744476956,1050.4803528531722,0.0712,0.06040058953262629,0.040794094283232885,0.26001723587876735,0.27962373112816075,0.27962373112816075
may27_20wt_22Hz_runup_IMG_0062,2026-06-03T14:16:15+00:00,,accepted,,12.180140970779998,0.3126072324100338,0.0126985758118072,0.0117207881091174,-2.004160987019724,10.941690314134824,0.9613259668508288,20,22.0,22.54999999999993,True,10.688134936123308,0.2839860805750851,median_due_to_ensemble_spread,108,0.1096331463392485,14.172083,0.3479844513207649,13.215,0.3269929857148219,,,,outputs/runup_analysis/early_growth_onset/manual_review_all_current_20260603/early_growth_batch_summary.csv,outputs/runup_analysis/early_growth_onset/jun1_normalized_csv_20260602_081655/May27_20wt_22Hz_IMG_0062/early_growth_summary.json,outputs/runup_analysis/early_growth_onset/jun1_normalized_csv_20260602_081655/May27_20wt_22Hz_IMG_0062/early_growth_metrics.csv,,0.3032902778402065,0.3149992660938865,outputs/runup_analysis/May27_20wt_22Hz_IMG_0062/accelerometer_gamma_metrics.csv,22.54999999999993,0.3032902778402065,1.4512491001545784e-06,0.0015245086668082,5.711672744476956,1050.4803528531722,0.0712,0.06040058953262629,0.040794094283232885,0.24288968830758023,0.26249618355697363,0.26249618355697363
may27_20wt_22Hz_runup_IMG_0063,2026-06-03T14:16:41+00:00,,accepted,,12.7093499695,0.3121249689678511,0.0127163702262036,0.0131298249674629,-2.0201561209043275,10.997197858171326,0.9392265193370166,20,22.0,22.54999999999993,True,7.660698694457979,0.1700634609411999,median_due_to_ensemble_spread,108,0.2009762352374281,14.8625,0.3527481702253682,13.8079165,0.3350052665194679,,,,outputs/runup_analysis/early_growth_onset/manual_review_all_current_20260603/early_growth_batch_summary.csv,outputs/runup_analysis/early_growth_onset/jun1_normalized_csv_20260602_081655/May27_20wt_22Hz_IMG_0063/early_growth_summary.json,outputs/runup_analysis/early_growth_onset/jun1_normalized_csv_20260602_081655/May27_20wt_22Hz_IMG_0063/early_growth_metrics.csv,,0.29932732382137284,0.31100300955756643,outputs/runup_analysis/May27_20wt_22Hz_IMG_0063/accelerometer_gamma_metrics.csv,22.54999999999993,0.29932732382137284,1.4512491001545784e-06,0.0015245086668082,5.711672744476956,1050.4803528531722,0.0712,0.06040058953262629,0.040794094283232885,0.23892673428874656,0.25853322953813995,0.25853322953813995
may27_20wt_25Hz_runup_IMG_0066,2026-06-03T14:17:15+00:00,,accepted,,11.88845097147,0.332877664532745,0.0080682270422415,0.0080602308718244,-2.3240697786565874,12.872821489560833,1.0,20,25.0,25.69999999999992,True,12.633450429931854,0.3480148196631477,sensitive_q25,126,0.0023679319710985,14.217917,0.3651894637514349,13.1379165,0.3550591186627119,,,,outputs/runup_analysis/early_growth_onset/manual_review_all_current_20260603/early_growth_batch_summary.csv,outputs/runup_analysis/early_growth_onset/jun1_normalized_csv_20260602_081655/May27_20wt_25Hz_IMG_0066/early_growth_summary.json,outputs/runup_analysis/early_growth_onset/jun1_normalized_csv_20260602_081655/May27_20wt_25Hz_IMG_0066/early_growth_metrics.csv,,0.33083585611229976,0.331596030353731,outputs/runup_analysis/May27_20wt_25Hz_IMG_0066/accelerometer_gamma_metrics.csv,25.69999999999992,0.33083585611229976,1.4512491001545784e-06,0.0015245086668082,5.711672744476956,1050.4803528531722,0.0712,0.07785498744081444,0.04489615243759748,0.25298086867148534,0.2859397036747023,0.2859397036747023
may27_20wt_25Hz_runup_IMG_0067,2026-06-03T14:17:29+00:00,,accepted,,13.137230343461544,0.3320070379655132,0.00760114893817,0.0075099806017579,-2.361278888286086,12.999999999999982,0.9834254143646408,20,25.0,25.69999999999992,True,13.137230343461544,0.3320397306850672,median_due_to_ensemble_spread,126,0.1342137863229578,15.852917,0.3905989388264991,15.041667,0.3776252786382916,,,,outputs/runup_analysis/early_growth_onset/manual_review_all_current_20260603/early_growth_batch_summary.csv,outputs/runup_analysis/early_growth_onset/jun1_normalized_csv_20260602_081655/May27_20wt_25Hz_IMG_0067/early_growth_summary.json,outputs/runup_analysis/early_growth_onset/jun1_normalized_csv_20260602_081655/May27_20wt_25Hz_IMG_0067/early_growth_metrics.csv,,0.33104648427473404,0.33181819474806784,outputs/runup_analysis/May27_20wt_25Hz_IMG_0067/accelerometer_gamma_metrics.csv,25.69999999999992,0.33104648427473404,1.4512491001545784e-06,0.0015245086668082,5.711672744476956,1050.4803528531722,0.0712,0.07785498744081444,0.04489615243759748,0.2531914968339196,0.28615033183713656,0.28615033183713656
may27_20wt_25Hz_runup_IMG_0068,2026-06-03T14:18:00+00:00,,accepted,,6.36717598472,0.3318257803302807,0.0080865002329783,0.0081254291668124,-2.3243228623840064,12.999999999999982,1.0,20,25.0,25.69999999999992,True,7.731018478435331,0.3988013486413598,sensitive_q25,216,0.0067946674535832,8.413333,0.4189396286660172,7.7870835,0.4013737136117709,,,,outputs/runup_analysis/early_growth_onset/manual_review_all_current_20260603/early_growth_batch_summary.csv,outputs/runup_analysis/early_growth_onset/jun1_normalized_csv_20260602_081655/May27_20wt_25Hz_IMG_0068/early_growth_summary.json,outputs/runup_analysis/early_growth_onset/jun1_normalized_csv_20260602_081655/May27_20wt_25Hz_IMG_0068/early_growth_metrics.csv,,0.3325766721225007,0.33323354678714395,outputs/runup_analysis/May27_20wt_25Hz_IMG_0068/accelerometer_gamma_metrics.csv,25.69999999999992,0.3325766721225007,1.4512491001545784e-06,0.0015245086668082,5.711672744476956,1050.4803528531722,0.0712,0.07785498744081444,0.04489615243759748,0.25472168468168627,0.2876805196849032,0.2876805196849032
may27_20wt_27Hz_runup_IMG_0001,2026-06-03T14:18:18+00:00,,accepted,,9.90079197624,0.379193438757436,0.0086746431472758,0.0086131912215278,-2.41856648705414,13.874999999999975,0.9834254143646408,20,27.0,27.64999999999991,True,10.271708789391823,0.3879467705183692,sensitive_q25,216,0.0186555074050455,11.991667,0.4278375255367105,11.405,0.4143588511349865,,,,outputs/runup_analysis/early_growth_onset/manual_review_all_current_20260603/early_growth_batch_summary.csv,outputs/runup_analysis/early_growth_onset/jun1_normalized_csv_20260602_081655/May27_20wt_27Hz_IMG_0001/early_growth_summary.json,outputs/runup_analysis/early_growth_onset/jun1_normalized_csv_20260602_081655/May27_20wt_27Hz_IMG_0001/early_growth_metrics.csv,,0.3809658042787971,0.38168910134468476,outputs/runup_analysis/May27_20wt_27Hz_IMG_0001/accelerometer_gamma_metrics.csv,27.64999999999991,0.3809658042787971,1.4512491001545784e-06,0.0015245086668082,5.711672744476956,1050.4803528531722,0.0712,0.05856735234415261,0.04853020191711425,0.3223984519346445,0.33243560236168285,0.33243560236168285
may27_20wt_27Hz_runup_IMG_0002,2026-06-03T14:18:41+00:00,,accepted,,9.62160297691,0.3729918112210597,0.008075738519326,0.0080572111687036,-2.4446742829841916,12.690360710703116,0.7237569060773481,20,27.0,27.64999999999991,True,8.794704992685208,0.352558788332619,sensitive_q25,108,0.0488354333454135,12.382917,0.42651351840408,11.62125,0.4109868527181639,,,,outputs/runup_analysis/early_growth_onset/manual_review_all_current_20260603/early_growth_batch_summary.csv,outputs/runup_analysis/early_growth_onset/jun1_normalized_csv_20260602_081655/May27_20wt_27Hz_IMG_0002/early_growth_summary.json,outputs/runup_analysis/early_growth_onset/jun1_normalized_csv_20260602_081655/May27_20wt_27Hz_IMG_0002/early_growth_metrics.csv,,0.3710647777457678,0.3717024836676334,outputs/runup_analysis/May27_20wt_27Hz_IMG_0002/accelerometer_gamma_metrics.csv,27.64999999999991,0.3710647777457678,1.4512491001545784e-06,0.0015245086668082,5.711672744476956,1050.4803528531722,0.0712,0.05856735234415261,0.04853020191711425,0.3124974254016152,0.3225345758286535,0.3225345758286535
may27_20wt_27Hz_runup_IMG_0003,2026-06-03T14:19:00+00:00,,accepted,,7.663112981619999,0.3180005049685365,0.0076320454804654,0.0076622896642595,-2.4698239018944217,12.324999999999957,0.1035748940570934,20,27.0,27.64999999999991,True,8.607814155778286,0.3503721554531513,sensitive_q25,108,0.0562677152903531,12.695,0.4343689777876993,11.673333499999998,0.4127918176005082,,,,outputs/runup_analysis/early_growth_onset/manual_review_all_current_20260603/early_growth_batch_summary.csv,outputs/runup_analysis/early_growth_onset/jun1_normalized_csv_20260602_081655/May27_20wt_27Hz_IMG_0003/early_growth_summary.json,outputs/runup_analysis/early_growth_onset/jun1_normalized_csv_20260602_081655/May27_20wt_27Hz_IMG_0003/early_growth_metrics.csv,,0.3160329897259615,0.31662111791368086,outputs/runup_analysis/May27_20wt_27Hz_IMG_0003/accelerometer_gamma_metrics.csv,27.64999999999991,0.3160329897259615,1.4512491001545784e-06,0.0015245086668082,5.711672744476956,1050.4803528531722,0.0712,0.05856735234415261,0.04853020191711425,0.2574656373818089,0.26750278780884723,0.26750278780884723
may27_20wt_30Hz_runup_IMG_0006,2026-06-03T14:19:17+00:00,,accepted,,12.25931397058,0.387898142732448,0.0086632120500342,0.0086216329778981,-2.5592536627922944,15.14176632957268,0.7145598154223992,20,30.0,30.749999999999897,True,13.48125,0.4100786424736395,sensitive_q25,216,0.0297959436699568,15.440833,0.4812617113284771,14.5754165,0.4561211099264234,,,,outputs/runup_analysis/early_growth_onset/manual_review_all_current_20260603/early_growth_batch_summary.csv,outputs/runup_analysis/early_growth_onset/jun1_normalized_csv_20260602_081655/May27_20wt_30Hz_IMG_0006/early_growth_summary.json,outputs/runup_analysis/early_growth_onset/jun1_normalized_csv_20260602_081655/May27_20wt_30Hz_IMG_0006/early_growth_metrics.csv,,0.3870845745802134,0.3889809101689867,outputs/runup_analysis/May27_20wt_30Hz_IMG_0006/accelerometer_gamma_metrics.csv,30.749999999999897,0.3870845745802134,1.4512491001545784e-06,0.0015245086668082,5.711672744476956,1050.4803528531722,0.0712,0.055229754096565636,0.05523819687372056,0.3318548204836478,0.33184637770649283,0.33184637770649283
may27_20wt_30Hz_runup_IMG_0007,2026-06-03T14:19:43+00:00,,accepted,,10.942541973749998,0.3809986133349365,0.0085877451734426,0.0085687391655686,-2.46625785584998,13.874999999999948,0.0607734806629834,20,30.0,30.749999999999897,True,7.779799140973649,0.3442227711281316,sensitive_q25,108,0.071674624508817,14.742083,0.4457024651941502,13.764167,0.4277021584740195,,,,outputs/runup_analysis/early_growth_onset/manual_review_all_current_20260603/early_growth_batch_summary.csv,outputs/runup_analysis/early_growth_onset/jun1_normalized_csv_20260602_081655/May27_20wt_30Hz_IMG_0007/early_growth_summary.json,outputs/runup_analysis/early_growth_onset/jun1_normalized_csv_20260602_081655/May27_20wt_30Hz_IMG_0007/early_growth_metrics.csv,,0.3772254138872797,0.37879406797187637,outputs/runup_analysis/May27_20wt_30Hz_IMG_0007/accelerometer_gamma_metrics.csv,30.749999999999897,0.3772254138872797,1.4512491001545784e-06,0.0015245086668082,5.711672744476956,1050.4803528531722,0.0712,0.055229754096565636,0.05523819687372056,0.3219956597907141,0.32198721701355915,0.32198721701355915
may27_20wt_30Hz_runup_IMG_0008,2026-06-03T14:19:51+00:00,,accepted,,9.911983442227308,0.4192248667584379,0.0094631042286966,0.0094200744234878,-2.4569826056853534,15.166199397320511,1.0,20,30.0,30.749999999999897,True,9.911983442227308,0.4193318645513429,median_due_to_ensemble_spread,102,0.0935438371270925,12.6075,0.4701131045940203,11.6295835,0.4470943751089843,,,,outputs/runup_analysis/early_growth_onset/manual_review_all_current_20260603/early_growth_batch_summary.csv,outputs/runup_analysis/early_growth_onset/jun1_normalized_csv_20260602_081655/May27_20wt_30Hz_IMG_0008/early_growth_summary.json,outputs/runup_analysis/early_growth_onset/jun1_normalized_csv_20260602_081655/May27_20wt_30Hz_IMG_0008/early_growth_metrics.csv,,0.4192977007799602,0.42112729878229105,outputs/runup_analysis/May27_20wt_30Hz_IMG_0008/accelerometer_gamma_metrics.csv,30.749999999999897,0.4192977007799602,1.4512491001545784e-06,0.0015245086668082,5.711672744476956,1050.4803528531722,0.0712,0.055229754096565636,0.05523819687372056,0.3640679466833946,0.36405950390623965,0.36405950390623965
may29_30wt_15Hz_runup_IMG_0003,2026-06-03T15:12:56+00:00,,accepted,,32.777621921350004,0.2100581090946786,0.0221210199557014,0.0220522904083233,-2.4011058013456563,6.474999999999975,0.0,30,15.0,15.149999999999952,False,,,none,0,,38.79625,0.2564581467568148,,,,,,outputs/runup_analysis/early_growth_onset/manual_review_all_current_20260603/early_growth_batch_summary.csv,outputs/runup_analysis/early_growth_onset/jun1_normalized_csv_20260602_081655/May29_30wt_15Hz_IMG_0003/early_growth_summary.json,outputs/runup_analysis/early_growth_onset/jun1_normalized_csv_20260602_081655/May29_30wt_15Hz_IMG_0003/early_growth_metrics.csv,,0.20643484524956868,0.20857207079760404,outputs/runup_analysis/May29_30wt_15Hz_IMG_0003/accelerometer_gamma_metrics.csv,15.149999999999952,0.20643484524956868,1.97791093586089e-06,0.002123805815342,6.519134871469532,1073.7621077046488,0.070275,0.10943787034110639,0.04122499287807254,0.09699697490846229,0.16520985237149613,0.16520985237149613
may29_30wt_15Hz_runup_IMG_0004,2026-06-03T15:12:12+00:00,,accepted,,30.66078592642,0.2466102419993152,0.0244455332782465,0.0241326565854904,-2.3014950046707665,6.074999999999976,0.005524861878453,30,15.0,15.149999999999952,True,32.225833,0.2579310417631607,sensitive_q25,78,0.0019740857509902,33.536667,0.2641273981699882,,,,,,outputs/runup_analysis/early_growth_onset/manual_review_all_current_20260603/early_growth_batch_summary.csv,outputs/runup_analysis/early_growth_onset/jun1_normalized_csv_20260602_081655/May29_30wt_15Hz_IMG_0004/early_growth_summary.json,outputs/runup_analysis/early_growth_onset/jun1_normalized_csv_20260602_081655/May29_30wt_15Hz_IMG_0004/early_growth_metrics.csv,,0.24654075933499806,0.24883302717592015,outputs/runup_analysis/May29_30wt_15Hz_IMG_0004/accelerometer_gamma_metrics.csv,15.149999999999952,0.24654075933499806,1.97791093586089e-06,0.002123805815342,6.519134871469532,1073.7621077046488,0.070275,0.10943787034110639,0.04122499287807254,0.13710288899389167,0.2053157664569255,0.2053157664569255
may29_30wt_15Hz_runup_IMG_0005,2026-06-03T15:13:10+00:00,,accepted,,26.65629893603,0.2167847152241255,0.0219389198525265,0.0206036382606075,-1.9374865891931392,7.574999999999971,1.0,30,15.0,15.149999999999952,False,,,none,0,,32.866667,0.2314059506072743,,,,,,outputs/runup_analysis/early_growth_onset/manual_review_all_current_20260603/early_growth_batch_summary.csv,outputs/runup_analysis/early_growth_onset/jun1_normalized_csv_20260602_081655/May29_30wt_15Hz_IMG_0005/early_growth_summary.json,outputs/runup_analysis/early_growth_onset/jun1_normalized_csv_20260602_081655/May29_30wt_15Hz_IMG_0005/early_growth_metrics.csv,,0.2154440415587104,0.2186989986855646,outputs/runup_analysis/May29_30wt_15Hz_IMG_0005/accelerometer_gamma_metrics.csv,15.149999999999952,0.2154440415587104,1.97791093586089e-06,0.002123805815342,6.519134871469532,1073.7621077046488,0.070275,0.10943787034110639,0.04122499287807254,0.106006171217604,0.17421904868063784,0.17421904868063784
may29_30wt_15Hz_runup_IMG_0006,2026-06-03T15:12:40+00:00,,accepted,,22.21844394668,0.199922355264956,0.0159358911754039,0.0169907691488909,-2.741324551205115,8.533675945764283,0.0,30,15.0,15.149999999999952,True,25.598653485579177,0.2151426338021762,sensitive_q25,108,0.0033973714610413,31.514583,0.2434119732555585,,,,,,outputs/runup_analysis/early_growth_onset/manual_review_all_current_20260603/early_growth_batch_summary.csv,outputs/runup_analysis/early_growth_onset/jun1_normalized_csv_20260602_081655/May29_30wt_15Hz_IMG_0006/early_growth_summary.json,outputs/runup_analysis/early_growth_onset/jun1_normalized_csv_20260602_081655/May29_30wt_15Hz_IMG_0006/early_growth_metrics.csv,,0.19488512528554436,0.19844252084452774,outputs/runup_analysis/May29_30wt_15Hz_IMG_0006/accelerometer_gamma_metrics.csv,15.149999999999952,0.19488512528554436,1.97791093586089e-06,0.002123805815342,6.519134871469532,1073.7621077046488,0.070275,0.10943787034110639,0.04122499287807254,0.08544725494443797,0.1536601324074718,0.1536601324074718
may29_30wt_17Hz_runup_IMG_0008,2026-06-03T15:13:46+00:00,,accepted,,28.70646293111,0.1905680195771632,0.014123347850833,0.0153701892480306,-2.315199816828323,8.599999999999966,0.6685082872928176,30,17.0,17.099999999999945,True,16.911591850803855,0.1615756755787691,median_due_to_ensemble_spread,5,0.0886395321271897,34.56875,0.22780832032015,,,,,,outputs/runup_analysis/early_growth_onset/manual_review_all_current_20260603/early_growth_batch_summary.csv,outputs/runup_analysis/early_growth_onset/jun1_normalized_csv_20260602_081655/May29_30wt_17Hz_IMG_0008/early_growth_summary.json,outputs/runup_analysis/early_growth_onset/jun1_normalized_csv_20260602_081655/May29_30wt_17Hz_IMG_0008/early_growth_metrics.csv,,0.18627409157821956,0.18981058289008912,outputs/runup_analysis/May29_30wt_17Hz_IMG_0008/accelerometer_gamma_metrics.csv,17.099999999999945,0.18627409157821956,1.97791093586089e-06,0.002123805815342,6.519134871469532,1073.7621077046488,0.070275,0.08721577407865538,0.040620491700805034,0.09905831749956417,0.14565359987741452,0.14565359987741452
may29_30wt_17Hz_runup_IMG_0009,2026-06-03T15:13:56+00:00,,accepted,,12.339090215139422,0.1940050100961333,0.0159327281790958,0.0159221786396452,-2.551577090656009,8.599999999999966,0.994475138121547,30,17.0,17.099999999999945,True,12.339090215139422,0.1940050100961334,median_due_to_ensemble_spread,126,0.0643805192619731,16.14,0.2505803832136732,,,,,,outputs/runup_analysis/early_growth_onset/manual_review_all_current_20260603/early_growth_batch_summary.csv,outputs/runup_analysis/early_growth_onset/jun1_normalized_csv_20260602_081655/May29_30wt_17Hz_IMG_0009/early_growth_summary.json,outputs/runup_analysis/early_growth_onset/jun1_normalized_csv_20260602_081655/May29_30wt_17Hz_IMG_0009/early_growth_metrics.csv,,0.19327212032714094,0.19524765781535483,outputs/runup_analysis/May29_30wt_17Hz_IMG_0009/accelerometer_gamma_metrics.csv,17.099999999999945,0.19327212032714094,1.97791093586089e-06,0.002123805815342,6.519134871469532,1073.7621077046488,0.070275,0.08721577407865538,0.040620491700805034,0.10605634624848556,0.1526516286263359,0.1526516286263359
may29_30wt_17Hz_runup_IMG_0010,2026-06-03T15:14:17+00:00,,accepted,,15.28872296332,0.1878126284496298,0.016146615675502,0.0162815281226892,-2.029205713505519,8.499999999999968,0.8983781231379953,30,17.0,17.099999999999945,True,7.685146410752733,0.0596180320257535,sensitive_q25,32,0.0227652055821362,20.48,0.2237776663125714,,,,,,outputs/runup_analysis/early_growth_onset/manual_review_all_current_20260603/early_growth_batch_summary.csv,outputs/runup_analysis/early_growth_onset/jun1_normalized_csv_20260602_081655/May29_30wt_17Hz_IMG_0010/early_growth_summary.json,outputs/runup_analysis/early_growth_onset/jun1_normalized_csv_20260602_081655/May29_30wt_17Hz_IMG_0010/early_growth_metrics.csv,,0.18684521299532225,0.18837110123446388,outputs/runup_analysis/May29_30wt_17Hz_IMG_0010/accelerometer_gamma_metrics.csv,17.099999999999945,0.18684521299532225,1.97791093586089e-06,0.002123805815342,6.519134871469532,1073.7621077046488,0.070275,0.08721577407865538,0.040620491700805034,0.09962943891666687,0.14622472129451722,0.14622472129451722
may29_30wt_17Hz_runup_IMG_0011,2026-06-03T15:14:30+00:00,,accepted,,15.7512599622,0.1965356047970399,0.0229133592023202,0.0224176741363854,-1.883732212366376,7.64999999999997,0.4917127071823204,30,17.0,17.099999999999945,True,14.951819916189814,0.189417480459852,sensitive_q25,54,0.0024916777859661,20.15125,0.2079481353505342,,,,,,outputs/runup_analysis/early_growth_onset/manual_review_all_current_20260603/early_growth_batch_summary.csv,outputs/runup_analysis/early_growth_onset/jun1_normalized_csv_20260602_081655/May29_30wt_17Hz_IMG_0011/early_growth_summary.json,outputs/runup_analysis/early_growth_onset/jun1_normalized_csv_20260602_081655/May29_30wt_17Hz_IMG_0011/early_growth_metrics.csv,,0.19304927392438892,0.19508896834008174,outputs/runup_analysis/May29_30wt_17Hz_IMG_0011/accelerometer_gamma_metrics.csv,17.099999999999945,0.19304927392438892,1.97791093586089e-06,0.002123805815342,6.519134871469532,1073.7621077046488,0.070275,0.08721577407865538,0.040620491700805034,0.10583349984573354,0.1524287822235839,0.1524287822235839
may29_30wt_20Hz_runup_IMG_0013,2026-06-03T15:14:53+00:00,,accepted,,37.34882091038,0.2142082155638749,0.0144167068112583,0.0140998445529951,-2.224821943566832,9.96415133965437,1.0,30,20.0,20.249999999999936,True,30.619021465735223,0.1993852040993317,sensitive_q25,108,0.0276261968104095,43.435417,0.2440669349827525,,,,,,outputs/runup_analysis/early_growth_onset/manual_review_all_current_20260603/early_growth_batch_summary.csv,outputs/runup_analysis/early_growth_onset/jun1_normalized_csv_20260602_081655/May29_30wt_20Hz_IMG_0013/early_growth_summary.json,outputs/runup_analysis/early_growth_onset/jun1_normalized_csv_20260602_081655/May29_30wt_20Hz_IMG_0013/early_growth_metrics.csv,,0.19749168128963912,0.21427475706419344,outputs/runup_analysis/May29_30wt_20Hz_IMG_0013/accelerometer_gamma_metrics.csv,20.249999999999936,0.19749168128963912,1.97791093586089e-06,0.002123805815342,6.519134871469532,1073.7621077046488,0.070275,0.04282889616945519,0.0428166743070882,0.15466278512018394,0.15467500698255093,0.15467500698255093
may29_30wt_20Hz_runup_IMG_0014,2026-06-03T15:15:28+00:00,,accepted,,13.78026896693,0.200103406026481,0.0097244821438987,0.0098696042204903,-2.1208646377850098,9.706769479956764,0.3196939801152727,30,20.0,20.299999999999933,True,14.292861698888068,0.2089295454282573,sensitive_q25,108,0.0467694693554618,33.232917,0.3193410648836689,,,,,,outputs/runup_analysis/early_growth_onset/manual_review_all_current_20260603/early_growth_batch_summary.csv,outputs/runup_analysis/early_growth_onset/jun1_normalized_csv_20260602_081655/May29_30wt_20Hz_IMG_0014/early_growth_summary.json,outputs/runup_analysis/early_growth_onset/jun1_normalized_csv_20260602_081655/May29_30wt_20Hz_IMG_0014/early_growth_metrics.csv,,0.17638021788126143,0.20118864248672863,outputs/runup_analysis/May29_30wt_20Hz_IMG_0014/accelerometer_gamma_metrics.csv,20.299999999999933,0.17638021788126143,1.97791093586089e-06,0.002123805815342,6.519134871469532,1073.7621077046488,0.070275,0.04616957509862418,0.04284484304655362,0.13021064278263725,0.13353537483470782,0.13353537483470782
may29_30wt_20Hz_runup_IMG_0015,2026-06-03T15:15:49+00:00,,accepted,,25.20201593952,0.3098938763991709,0.018592209908464,0.0187506483706081,-1.8404491972080228,8.649999999999967,0.0,30,20.0,20.299999999999933,True,26.858333,0.325785697581562,median_due_to_ensemble_spread,180,0.0927268559461104,28.34375,0.3477424450820761,,,,,,outputs/runup_analysis/early_growth_onset/manual_review_all_current_20260603/early_growth_batch_summary.csv,outputs/runup_analysis/early_growth_onset/jun1_normalized_csv_20260602_081655/May29_30wt_20Hz_IMG_0015/early_growth_summary.json,outputs/runup_analysis/early_growth_onset/jun1_normalized_csv_20260602_081655/May29_30wt_20Hz_IMG_0015/early_growth_metrics.csv,,0.2646255929911876,0.3101763973819571,outputs/runup_analysis/May29_30wt_20Hz_IMG_0015/accelerometer_gamma_metrics.csv,20.299999999999933,0.2646255929911876,1.97791093586089e-06,0.002123805815342,6.519134871469532,1073.7621077046488,0.070275,0.04616957509862418,0.04284484304655362,0.21845601789256341,0.22178074994463398,0.22178074994463398
may29_30wt_20Hz_runup_IMG_0016,2026-06-03T15:16:02+00:00,,accepted,,20.790142682580964,0.3193497798711403,0.0141232806682716,0.0143757681607569,-1.9896682734433313,9.673287535034037,0.8206312115984472,30,20.0,20.299999999999933,True,20.790142682580964,0.3193497798711404,sensitive_q25,108,0.0090663718057431,24.149583,0.3560770192634507,,,,,,outputs/runup_analysis/early_growth_onset/manual_review_all_current_20260603/early_growth_batch_summary.csv,outputs/runup_analysis/early_growth_onset/jun1_normalized_csv_20260602_081655/May29_30wt_20Hz_IMG_0016/early_growth_summary.json,outputs/runup_analysis/early_growth_onset/jun1_normalized_csv_20260602_081655/May29_30wt_20Hz_IMG_0016/early_growth_metrics.csv,,0.2727112347043309,0.31765254057347714,outputs/runup_analysis/May29_30wt_20Hz_IMG_0016/accelerometer_gamma_metrics.csv,20.299999999999933,0.2727112347043309,1.97791093586089e-06,0.002123805815342,6.519134871469532,1073.7621077046488,0.070275,0.04616957509862418,0.04284484304655362,0.2265416596057067,0.22986639165777728,0.22986639165777728
may29_30wt_22Hz_runup_IMG_0018,2026-06-03T15:16:20+00:00,,accepted,,28.901117173055113,0.3206881181913479,0.0102798352333333,0.0099583474287274,-2.308651125716304,12.600000000000009,0.1215469613259668,30,22.0,22.19999999999993,True,28.901117173055113,0.3207170492774364,sensitive_q25,108,0.0081490574430373,35.575417,0.3557121400381673,,,,,,outputs/runup_analysis/early_growth_onset/manual_review_all_current_20260603/early_growth_batch_summary.csv,outputs/runup_analysis/early_growth_onset/jun1_normalized_csv_20260602_081655/May29_30wt_22Hz_IMG_0018/early_growth_summary.json,outputs/runup_analysis/early_growth_onset/jun1_normalized_csv_20260602_081655/May29_30wt_22Hz_IMG_0018/early_growth_metrics.csv,,0.27569198367940456,0.3194249909040406,outputs/runup_analysis/May29_30wt_22Hz_IMG_0018/accelerometer_gamma_metrics.csv,22.19999999999993,0.27569198367940456,1.97791093586089e-06,0.002123805815342,6.519134871469532,1073.7621077046488,0.070275,0.04715344112062265,0.045863383688702825,0.22853854255878192,0.22982859999070174,0.22982859999070174
may29_30wt_22Hz_runup_IMG_0019,2026-06-03T15:16:33+00:00,,accepted,,30.73995892623,0.3387603185594893,0.0120395726393705,0.012926511611933,-2.0738944422800545,12.555496445524382,0.3922651933701657,30,22.0,22.19999999999993,True,28.74533553314441,0.3269915961484025,sensitive_q25,126,0.0160506090952285,34.922083,0.3713027613310398,,,,,,outputs/runup_analysis/early_growth_onset/manual_review_all_current_20260603/early_growth_batch_summary.csv,outputs/runup_analysis/early_growth_onset/jun1_normalized_csv_20260602_081655/May29_30wt_22Hz_IMG_0019/early_growth_summary.json,outputs/runup_analysis/early_growth_onset/jun1_normalized_csv_20260602_081655/May29_30wt_22Hz_IMG_0019/early_growth_metrics.csv,,0.29993724931792287,0.34072875307034833,outputs/runup_analysis/May29_30wt_22Hz_IMG_0019/accelerometer_gamma_metrics.csv,22.19999999999993,0.29993724931792287,1.97791093586089e-06,0.002123805815342,6.519134871469532,1073.7621077046488,0.070275,0.04715344112062265,0.045863383688702825,0.25278380819730023,0.2540738656292201,0.2540738656292201
may29_30wt_22Hz_runup_IMG_0020,2026-06-03T15:16:53+00:00,,accepted,,37.2571469106,0.3421857789742867,0.0211517015443296,0.0213990215136593,-1.769463078997614,9.599999999999964,0.542072911466939,30,22.0,22.19999999999993,True,29.125146183451875,0.3029925707343354,sensitive_q25,81,0.0304675076070909,42.120417,0.3603990006738216,,,,,,outputs/runup_analysis/early_growth_onset/manual_review_all_current_20260603/early_growth_batch_summary.csv,outputs/runup_analysis/early_growth_onset/jun1_normalized_csv_20260602_081655/May29_30wt_22Hz_IMG_0020/early_growth_summary.json,outputs/runup_analysis/early_growth_onset/jun1_normalized_csv_20260602_081655/May29_30wt_22Hz_IMG_0020/early_growth_metrics.csv,,0.2982338261143691,0.34183624968899384,outputs/runup_analysis/May29_30wt_22Hz_IMG_0020/accelerometer_gamma_metrics.csv,22.19999999999993,0.2982338261143691,1.97791093586089e-06,0.002123805815342,6.519134871469532,1073.7621077046488,0.070275,0.04715344112062265,0.045863383688702825,0.25108038499374646,0.2523704424256663,0.2523704424256663
may29_30wt_22Hz_runup_IMG_0021,2026-06-03T15:17:06+00:00,,accepted,,36.90295191144,0.3441943068703731,0.0126240290389659,0.0128377835682886,-2.1958061222234275,10.665922164184742,0.784576685560293,30,22.0,22.19999999999993,True,33.133787939083014,0.3264892339357516,sensitive_q25,108,0.0239759483587432,40.95125,0.3633783869709093,,,,,,outputs/runup_analysis/early_growth_onset/manual_review_all_current_20260603/early_growth_batch_summary.csv,outputs/runup_analysis/early_growth_onset/jun1_normalized_csv_20260602_081655/May29_30wt_22Hz_IMG_0021/early_growth_summary.json,outputs/runup_analysis/early_growth_onset/jun1_normalized_csv_20260602_081655/May29_30wt_22Hz_IMG_0021/early_growth_metrics.csv,,0.3003013190645505,0.3437922669550354,outputs/runup_analysis/May29_30wt_22Hz_IMG_0021/accelerometer_gamma_metrics.csv,22.19999999999993,0.3003013190645505,1.97791093586089e-06,0.002123805815342,6.519134871469532,1073.7621077046488,0.070275,0.04715344112062265,0.045863383688702825,0.25314787794392785,0.2544379353758477,0.2544379353758477
may29_30wt_25Hz_runup_IMG_0023,2026-06-03T15:17:31+00:00,,accepted,,29.89822492825,0.3175342125000697,0.0099058411485396,0.009830515734577,-2.2901310468290066,11.703700842932523,0.8816244025339844,30,25.0,25.349999999999916,True,19.30418237149779,0.261175845566694,sensitive_q25,148,0.0286484529742349,37.680833,0.349690269655624,,,,,,outputs/runup_analysis/early_growth_onset/manual_review_all_current_20260603/early_growth_batch_summary.csv,outputs/runup_analysis/early_growth_onset/jun1_normalized_csv_20260602_081655/May29_30wt_25Hz_IMG_0023/early_growth_summary.json,outputs/runup_analysis/early_growth_onset/jun1_normalized_csv_20260602_081655/May29_30wt_25Hz_IMG_0023/early_growth_metrics.csv,,0.309811538631675,0.3191738232049562,outputs/runup_analysis/May29_30wt_25Hz_IMG_0023/accelerometer_gamma_metrics.csv,25.349999999999916,0.309811538631675,1.97791093586089e-06,0.002123805815342,6.519134871469532,1073.7621077046488,0.070275,0.05825976924652908,0.05317482857191038,0.2515517693851459,0.25663671005976463,0.25663671005976463
may29_30wt_25Hz_runup_IMG_0024,2026-06-03T15:17:40+00:00,,accepted,,20.54059850716251,0.316744597959456,0.0076808210561043,0.007707085677619,-2.375446355182496,12.652183911237191,0.7624309392265194,30,25.0,25.349999999999916,True,20.54059850716251,0.3169579085561138,sensitive_q25,108,0.024650133165176,25.060833,0.3688720699972504,,,,,,outputs/runup_analysis/early_growth_onset/manual_review_all_current_20260603/early_growth_batch_summary.csv,outputs/runup_analysis/early_growth_onset/jun1_normalized_csv_20260602_081655/May29_30wt_25Hz_IMG_0024/early_growth_summary.json,outputs/runup_analysis/early_growth_onset/jun1_normalized_csv_20260602_081655/May29_30wt_25Hz_IMG_0024/early_growth_metrics.csv,,0.3070638843476398,0.3157454541253416,outputs/runup_analysis/May29_30wt_25Hz_IMG_0024/accelerometer_gamma_metrics.csv,25.349999999999916,0.3070638843476398,1.97791093586089e-06,0.002123805815342,6.519134871469532,1073.7621077046488,0.070275,0.05825976924652908,0.05317482857191038,0.24880411510111072,0.25388905577572946,0.25388905577572946
may29_30wt_25Hz_runup_IMG_0025,2026-06-03T15:17:54+00:00,,accepted,,30.31075792726,0.3143106707355974,0.0161638242527923,0.0162766790831039,-1.8742247126486355,12.156931651463829,0.5524861878453039,30,25.0,25.349999999999916,True,19.45911764494514,0.265236744378934,sensitive_q25,183,0.0568436887221633,35.95,0.3451481706360923,,,,,,outputs/runup_analysis/early_growth_onset/manual_review_all_current_20260603/early_growth_batch_summary.csv,outputs/runup_analysis/early_growth_onset/jun1_normalized_csv_20260602_081655/May29_30wt_25Hz_IMG_0025/early_growth_summary.json,outputs/runup_analysis/early_growth_onset/jun1_normalized_csv_20260602_081655/May29_30wt_25Hz_IMG_0025/early_growth_metrics.csv,,0.30432732535224444,0.3132672989594,outputs/runup_analysis/May29_30wt_25Hz_IMG_0025/accelerometer_gamma_metrics.csv,25.349999999999916,0.30432732535224444,1.97791093586089e-06,0.002123805815342,6.519134871469532,1073.7621077046488,0.070275,0.05825976924652908,0.05317482857191038,0.24606755610571535,0.2511524967803341,0.2511524967803341
may29_30wt_25Hz_runup_IMG_0026,2026-06-03T15:18:05+00:00,,accepted,,18.17645395638,0.3223842593536029,0.0074953387574352,0.0075212773355975,-2.4655708528862625,12.602550319414403,0.9281767955801103,30,25.0,25.349999999999916,True,20.94302901989361,0.3477654413676693,sensitive_q25,108,0.0053583039264222,23.692083,0.3632441928633182,,,,,,outputs/runup_analysis/early_growth_onset/manual_review_all_current_20260603/early_growth_batch_summary.csv,outputs/runup_analysis/early_growth_onset/jun1_normalized_csv_20260602_081655/May29_30wt_25Hz_IMG_0026/early_growth_summary.json,outputs/runup_analysis/early_growth_onset/jun1_normalized_csv_20260602_081655/May29_30wt_25Hz_IMG_0026/early_growth_metrics.csv,,0.3156362028841122,0.324380303424223,outputs/runup_analysis/May29_30wt_25Hz_IMG_0026/accelerometer_gamma_metrics.csv,25.349999999999916,0.3156362028841122,1.97791093586089e-06,0.002123805815342,6.519134871469532,1073.7621077046488,0.070275,0.05825976924652908,0.05317482857191038,0.2573764336375831,0.26246137431220184,0.26246137431220184
may29_30wt_27Hz_runup_IMG_0028,2026-06-03T15:18:18+00:00,,accepted,,44.2160368939,0.3906530638581198,0.0083003966733015,0.0084339615815376,-2.262861211913928,12.39999999999996,0.585635359116022,30,27.0,27.299999999999912,True,45.63655655649677,0.4172113630294125,sensitive_q25,144,0.0089148665892587,48.041667,0.4317070907442382,,,,,,outputs/runup_analysis/early_growth_onset/manual_review_all_current_20260603/early_growth_batch_summary.csv,outputs/runup_analysis/early_growth_onset/jun1_normalized_csv_20260602_081655/May29_30wt_27Hz_IMG_0028/early_growth_summary.json,outputs/runup_analysis/early_growth_onset/jun1_normalized_csv_20260602_081655/May29_30wt_27Hz_IMG_0028/early_growth_metrics.csv,,0.3837218679166191,0.392484796784852,outputs/runup_analysis/May29_30wt_27Hz_IMG_0028/accelerometer_gamma_metrics.csv,27.299999999999912,0.3837218679166191,1.97791093586089e-06,0.002123805815342,6.519134871469532,1073.7621077046488,0.070275,0.05885348095030342,0.05888068353441675,0.3248683869663157,0.32484118438220233,0.32484118438220233
may29_30wt_27Hz_runup_IMG_0031,2026-06-03T15:19:07+00:00,,accepted,,27.22301093468,0.412534636698124,0.0090985956481525,0.0090258445471435,-2.2080191765912724,13.618867802688431,1.0,30,27.0,27.299999999999912,True,29.2592873423199,0.4258763385606106,sensitive_q25,108,0.0011127391475294,30.157917,0.4283266943465378,,,,,,outputs/runup_analysis/early_growth_onset/manual_review_all_current_20260603/early_growth_batch_summary.csv,outputs/runup_analysis/early_growth_onset/jun1_normalized_csv_20260602_081655/May29_30wt_27Hz_IMG_0031/early_growth_summary.json,outputs/runup_analysis/early_growth_onset/jun1_normalized_csv_20260602_081655/May29_30wt_27Hz_IMG_0031/early_growth_metrics.csv,,0.4050803664264724,0.414487194369053,outputs/runup_analysis/May29_30wt_27Hz_IMG_0031/accelerometer_gamma_metrics.csv,27.299999999999912,0.4050803664264724,1.97791093586089e-06,0.002123805815342,6.519134871469532,1073.7621077046488,0.070275,0.05885348095030342,0.05888068353441675,0.346226885476169,0.3461996828920556,0.3461996828920556
may29_30wt_27Hz_runup_IMG_0033,2026-06-03T15:18:56+00:00,,accepted,,21.91305450419526,0.4014229932095092,0.0098854020929195,0.0098221597326291,-2.259624269451379,13.528347681842323,0.5659284329455968,30,27.0,27.299999999999912,True,21.91305450419526,0.4014201338663223,sensitive_q25,180,0.0110599581524949,25.065,0.4358729478699399,,,,,,outputs/runup_analysis/early_growth_onset/manual_review_all_current_20260603/early_growth_batch_summary.csv,outputs/runup_analysis/early_growth_onset/jun1_normalized_csv_20260602_081655/May29_30wt_27Hz_IMG_0033/early_growth_summary.json,outputs/runup_analysis/early_growth_onset/jun1_normalized_csv_20260602_081655/May29_30wt_27Hz_IMG_0033/early_growth_metrics.csv,,0.39049118950506073,0.399850391573052,outputs/runup_analysis/May29_30wt_27Hz_IMG_0033/accelerometer_gamma_metrics.csv,27.299999999999912,0.39049118950506073,1.97791093586089e-06,0.002123805815342,6.519134871469532,1073.7621077046488,0.070275,0.05885348095030342,0.05888068353441675,0.3316377085547573,0.331610505970644,0.331610505970644
may29_30wt_30Hz_runup_IMG_0035,2026-06-03T15:19:33+00:00,,accepted,,23.81440494286,0.4114067407473817,0.0145097432924552,0.0167737139684688,-1.926575402838009,14.324999999999958,1.0,30,30.0,30.3499999999999,True,20.704583,0.3789022189868873,median_due_to_ensemble_spread,126,0.0803830195701098,30.066667,0.4419086708637611,,,,,,outputs/runup_analysis/early_growth_onset/manual_review_all_current_20260603/early_growth_batch_summary.csv,outputs/runup_analysis/early_growth_onset/jun1_normalized_csv_20260602_081655/May29_30wt_30Hz_IMG_0035/early_growth_summary.json,outputs/runup_analysis/early_growth_onset/jun1_normalized_csv_20260602_081655/May29_30wt_30Hz_IMG_0035/early_growth_metrics.csv,,0.4086860999513668,0.4128214553920015,outputs/runup_analysis/May29_30wt_30Hz_IMG_0035/accelerometer_gamma_metrics.csv,30.3499999999999,0.4086860999513668,1.97791093586089e-06,0.002123805815342,6.519134871469532,1073.7621077046488,0.070275,0.07849248271698622,0.06938206240546625,0.33019361723438057,0.33930403754590055,0.33930403754590055
may29_30wt_30Hz_runup_IMG_0036,2026-06-03T15:19:43+00:00,,accepted,,21.97259094728,0.4162694204250564,0.0121431968628366,0.0109030914339149,-2.1283596117445565,14.47499999999996,0.9723756906077348,30,30.0,30.3499999999999,True,20.360813242699475,0.4078519254924935,sensitive_q25,94,0.0221280634130029,25.53125,0.451507587576089,,,,,,outputs/runup_analysis/early_growth_onset/manual_review_all_current_20260603/early_growth_batch_summary.csv,outputs/runup_analysis/early_growth_onset/jun1_normalized_csv_20260602_081655/May29_30wt_30Hz_IMG_0036/early_growth_summary.json,outputs/runup_analysis/early_growth_onset/jun1_normalized_csv_20260602_081655/May29_30wt_30Hz_IMG_0036/early_growth_metrics.csv,,0.4123080209157202,0.4164783066900373,outputs/runup_analysis/May29_30wt_30Hz_IMG_0036/accelerometer_gamma_metrics.csv,30.3499999999999,0.4123080209157202,1.97791093586089e-06,0.002123805815342,6.519134871469532,1073.7621077046488,0.070275,0.07849248271698622,0.06938206240546625,0.333815538198734,0.342925958510254,0.342925958510254
may29_30wt_30Hz_runup_IMG_0037,2026-06-03T15:19:52+00:00,,accepted,,18.748825857103263,0.4394273846249256,0.0067948244498409,0.006764089396904,-2.3145451920017144,14.874999999999966,1.0,30,30.0,30.3499999999999,True,18.748825857103263,0.4394265646905565,median_due_to_ensemble_spread,102,0.136760503421641,21.952917,0.4684669943397277,,,,,,outputs/runup_analysis/early_growth_onset/manual_review_all_current_20260603/early_growth_batch_summary.csv,outputs/runup_analysis/early_growth_onset/jun1_normalized_csv_20260602_081655/May29_30wt_30Hz_IMG_0037/early_growth_summary.json,outputs/runup_analysis/early_growth_onset/jun1_normalized_csv_20260602_081655/May29_30wt_30Hz_IMG_0037/early_growth_metrics.csv,,0.4334296283011844,0.4379485851339954,outputs/runup_analysis/May29_30wt_30Hz_IMG_0037/accelerometer_gamma_metrics.csv,30.3499999999999,0.4334296283011844,1.97791093586089e-06,0.002123805815342,6.519134871469532,1073.7621077046488,0.070275,0.07849248271698622,0.06938206240546625,0.3549371455841982,0.3640475658957182,0.3640475658957182
may29_30wt_30Hz_runup_IMG_0038,2026-06-03T15:20:12+00:00,,accepted,,28.081412932619997,0.4428972847001674,0.0106255427384512,0.0106403996059902,-2.0756009555250574,14.47499999999996,1.0,30,30.0,30.3499999999999,True,7.199349061605546,0.1415818646933582,sensitive_q25,36,0.0743245190014394,32.080417,0.4580113208543334,,,,,,outputs/runup_analysis/early_growth_onset/manual_review_all_current_20260603/early_growth_batch_summary.csv,outputs/runup_analysis/early_growth_onset/jun1_normalized_csv_20260602_081655/May29_30wt_30Hz_IMG_0038/early_growth_summary.json,outputs/runup_analysis/early_growth_onset/jun1_normalized_csv_20260602_081655/May29_30wt_30Hz_IMG_0038/early_growth_metrics.csv,,0.43780776633046886,0.44265040439440745,outputs/runup_analysis/May29_30wt_30Hz_IMG_0038/accelerometer_gamma_metrics.csv,30.3499999999999,0.43780776633046886,1.97791093586089e-06,0.002123805815342,6.519134871469532,1073.7621077046488,0.070275,0.07849248271698622,0.06938206240546625,0.35931528361348264,0.3684257039250026,0.3684257039250026
may26_15Hz_runup_IMG_0113,2026-06-03T15:21:21+00:00,,accepted,,16.03878296151,0.2970635349447488,0.0124573292403381,0.0130970488311403,-2.135416160112148,8.07499999999997,0.8137683197366281,40,15.0,15.649999999999952,True,17.750417,0.3170420139082597,sensitive_q25,162,0.0449616574881887,19.1775,0.3823245900275642,18.106042,0.3343683739566836,,,,outputs/runup_analysis/early_growth_onset/manual_review_all_current_20260603/early_growth_batch_summary.csv,outputs/runup_analysis/early_growth_onset/jun1_normalized_csv_20260602_081655/May26_15Hz_IMG_0113/early_growth_summary.json,outputs/runup_analysis/early_growth_onset/jun1_normalized_csv_20260602_081655/May26_15Hz_IMG_0113/early_growth_metrics.csv,,0.28564505125402095,0.294218712691002,outputs/runup_analysis/May26_15Hz_IMG_0113/accelerometer_gamma_metrics.csv,15.649999999999952,0.28564505125402095,2.8569585735102928e-06,0.0031372205129336,5.482206475964056,1098.0980060480797,0.06935,0.06974617974323744,0.06910758948333351,0.21589887151078352,0.21653746177068744,0.21653746177068744
may26_15Hz_runup_IMG_0112,2026-06-03T15:21:04+00:00,,accepted,,11.31757197284,0.2778513658259087,0.0103923903522338,0.0113462429200401,-2.225598874037092,8.049999999999969,0.8232044198895028,40,15.0,15.699999999999951,True,13.278887140167068,0.3101390518848496,median_due_to_ensemble_spread,162,0.0851499921211395,13.739167,0.3853699474425609,13.15875,0.3720544571131459,,,,outputs/runup_analysis/early_growth_onset/manual_review_all_current_20260603/early_growth_batch_summary.csv,outputs/runup_analysis/early_growth_onset/jun1_normalized_csv_20260602_081655/May26_15Hz_IMG_0112/early_growth_summary.json,outputs/runup_analysis/early_growth_onset/jun1_normalized_csv_20260602_081655/May26_15Hz_IMG_0112/early_growth_metrics.csv,,0.2678587294759922,0.2758185023324949,outputs/runup_analysis/May26_15Hz_IMG_0112/accelerometer_gamma_metrics.csv,15.699999999999951,0.2678587294759922,2.8569585735102928e-06,0.0031372205129336,5.482206475964056,1098.0980060480797,0.06935,0.07394232206579042,0.06908242824129801,0.19391640741020177,0.1987763012346942,0.1987763012346942
may26_17Hz_runup_IMG_0118,2026-06-03T15:21:35+00:00,,accepted,,20.05185451590173,0.21682374620573,0.0136073297524236,0.0138127717506521,-2.6512976737864284,7.89999999999997,0.1444479127659594,40,17.0,18.79999999999994,True,20.05185451590173,0.2167977147238922,sensitive_q25,180,0.039287900740947,24.312083,0.2684082993873888,21.96125,0.227933342235573,,,,outputs/runup_analysis/early_growth_onset/manual_review_all_current_20260603/early_growth_batch_summary.csv,outputs/runup_analysis/early_growth_onset/jun1_normalized_csv_20260602_081655/May26_18Hz_IMG_0118/early_growth_summary.json,outputs/runup_analysis/early_growth_onset/jun1_normalized_csv_20260602_081655/May26_18Hz_IMG_0118/early_growth_metrics.csv,,0.19636317376537712,0.21734300186779026,outputs/runup_analysis/May26_18Hz_IMG_0118/accelerometer_gamma_metrics.csv,18.79999999999994,0.19636317376537712,2.8569585735102928e-06,0.0031372205129336,5.482206475964056,1098.0980060480797,0.06935,0.07184003264377621,0.06977304199657394,0.12452314112160091,0.12659013176880318,0.12659013176880318
may26_17Hz_runup_IMG_0119,2026-06-03T15:21:47+00:00,,accepted,,9.57993297701,0.1848076183887747,0.0101624251540412,0.0102483086748525,-2.99337597968824,8.2441981882649,0.0331491712707182,40,17.0,18.84999999999994,True,10.655325692513212,0.2230259111402751,sensitive_q25,144,0.0316308479902097,15.21625,0.2885708196818087,14.28,0.2653392278587034,,,,outputs/runup_analysis/early_growth_onset/manual_review_all_current_20260603/early_growth_batch_summary.csv,outputs/runup_analysis/early_growth_onset/jun1_normalized_csv_20260602_081655/May26_18Hz_IMG_0119/early_growth_summary.json,outputs/runup_analysis/early_growth_onset/jun1_normalized_csv_20260602_081655/May26_18Hz_IMG_0119/early_growth_metrics.csv,,0.16900054126064148,0.18426011485253235,outputs/runup_analysis/May26_18Hz_IMG_0119/accelerometer_gamma_metrics.csv,18.84999999999994,0.16900054126064148,2.8569585735102928e-06,0.0031372205129336,5.482206475964056,1098.0980060480797,0.06935,0.07008939853592432,0.06985229963434199,0.09891114272471717,0.0991482416262995,0.0991482416262995
may26_20Hz_runup_IMG_0128,2026-06-03T15:22:37+00:00,,accepted,,24.17693394199,0.4012630781549,0.0093994640262561,0.0092856630359899,-2.163974404738641,9.374999999999972,0.005524861878453,40,20.0,21.049999999999933,True,27.32072305809157,0.4935900487319117,sensitive_q25,108,0.0185418711412325,29.825,0.539727021463477,28.5708335,0.5176727769091587,,,,outputs/runup_analysis/early_growth_onset/manual_review_all_current_20260603/early_growth_batch_summary.csv,outputs/runup_analysis/early_growth_onset/jun1_normalized_csv_20260602_081655/May26_20Hz_IMG_0128/early_growth_summary.json,outputs/runup_analysis/early_growth_onset/jun1_normalized_csv_20260602_081655/May26_20Hz_IMG_0128/early_growth_metrics.csv,,0.38639973383221093,0.40246220824141815,outputs/runup_analysis/May26_20Hz_IMG_0128/accelerometer_gamma_metrics.csv,21.049999999999933,0.38639973383221093,2.8569585735102928e-06,0.0031372205129336,5.482206475964056,1098.0980060480797,0.06935,0.11167880838382946,0.07309620978532227,0.27472092544838145,0.31330352404688866,0.31330352404688866
may26_22Hz_runup_IMG_0161,2026-06-03T15:23:18+00:00,,accepted,,6.62136298412,0.3532492496975679,0.0110549554481392,0.0108290247030311,-2.211110569633166,11.941354501079903,0.3204419889502762,40,22.0,23.04999999999993,True,8.357023696324262,0.3878299308577513,sensitive_q25,216,0.0328159495743654,10.260833,0.4414051500045896,9.0979165,0.4203710327690045,,,,outputs/runup_analysis/early_growth_onset/manual_review_all_current_20260603/early_growth_batch_summary.csv,outputs/runup_analysis/early_growth_onset/jun1_normalized_csv_20260602_081655/May26_22Hz_IMG_0161/early_growth_summary.json,outputs/runup_analysis/early_growth_onset/jun1_normalized_csv_20260602_081655/May26_22Hz_IMG_0161/early_growth_metrics.csv,,0.3447160403550933,0.35494386494833574,outputs/runup_analysis/May26_22Hz_IMG_0161/accelerometer_gamma_metrics.csv,23.04999999999993,0.3447160403550933,2.8569585735102928e-06,0.0031372205129336,5.482206475964056,1098.0980060480797,0.06935,0.0969516653075861,0.07780159463863749,0.2477643750475072,0.2669144457164558,0.2669144457164558
may26_22Hz_runup_IMG_0134,2026-06-03T15:23:02+00:00,,accepted,,21.48505194845,0.3460019431502964,0.0076528934897982,0.0078543532738056,-2.2143055854309,11.594379068274536,0.7790055248618785,40,22.0,23.149999999999924,True,20.20013901347317,0.3182740306425428,sensitive_q25,108,0.049147553608068,28.714167,0.4299083972690311,26.975,0.3831411943482394,,,,outputs/runup_analysis/early_growth_onset/manual_review_all_current_20260603/early_growth_batch_summary.csv,outputs/runup_analysis/early_growth_onset/jun1_normalized_csv_20260602_081655/May26_22Hz_IMG_0134/early_growth_summary.json,outputs/runup_analysis/early_growth_onset/jun1_normalized_csv_20260602_081655/May26_22Hz_IMG_0134/early_growth_metrics.csv,,0.34069480212589104,0.3442425747537296,outputs/runup_analysis/May26_22Hz_IMG_0134/accelerometer_gamma_metrics.csv,23.149999999999924,0.34069480212589104,2.8569585735102928e-06,0.0031372205129336,5.482206475964056,1098.0980060480797,0.06935,0.08631805288810093,0.07811012324446368,0.2543767492377901,0.26258467888142734,0.26258467888142734
may26_25Hz_runup_IMG_0139,2026-06-03T15:23:34+00:00,,accepted,,21.45838748993722,0.4592252957712646,0.0078003040136986,0.007834858201648,-2.260110950429447,13.33935097267552,1.0,40,25.0,26.299999999999912,True,21.45838748993722,0.4592252957712646,sensitive_q25,108,0.019333996011584,23.687917,0.4940117763296885,22.375208,0.4798303733946729,,,,outputs/runup_analysis/early_growth_onset/manual_review_all_current_20260603/early_growth_batch_summary.csv,outputs/runup_analysis/early_growth_onset/jun1_normalized_csv_20260602_081655/May26_25Hz_IMG_0139/early_growth_summary.json,outputs/runup_analysis/early_growth_onset/jun1_normalized_csv_20260602_081655/May26_25Hz_IMG_0139/early_growth_metrics.csv,,0.4598691214652841,0.4611051307111553,outputs/runup_analysis/May26_25Hz_IMG_0139/accelerometer_gamma_metrics.csv,26.299999999999912,0.4598691214652841,2.8569585735102928e-06,0.0031372205129336,5.482206475964056,1098.0980060480797,0.06935,0.09047103924491234,0.08862192738643464,0.36939808222037174,0.37124719407884943,0.37124719407884943
may26_25Hz_runup_IMG_0160,2026-06-03T15:23:48+00:00,,accepted,,16.6304969601,0.414676810002598,0.0077881964066666,0.0077130389426964,-2.2895472590836548,13.513097017809788,0.8034873972855114,40,25.0,26.349999999999913,True,18.09262608427029,0.4320852849320167,sensitive_q25,216,0.0467087975736678,21.661667,0.4996347026868869,20.4133335,0.4530066908952043,,,,outputs/runup_analysis/early_growth_onset/manual_review_all_current_20260603/early_growth_batch_summary.csv,outputs/runup_analysis/early_growth_onset/jun1_normalized_csv_20260602_081655/May26_25Hz_IMG_0160/early_growth_summary.json,outputs/runup_analysis/early_growth_onset/jun1_normalized_csv_20260602_081655/May26_25Hz_IMG_0160/early_growth_metrics.csv,,0.41496963194728237,0.4159591846728603,outputs/runup_analysis/May26_25Hz_IMG_0160/accelerometer_gamma_metrics.csv,26.349999999999913,0.41496963194728237,2.8569585735102928e-06,0.0031372205129336,5.482206475964056,1098.0980060480797,0.06935,0.08886797035872145,0.08886370592978553,0.3261016615885609,0.3261059260174968,0.3261059260174968
may26_27Hz_runup_IMG_0159,2026-06-03T15:24:16+00:00,,accepted,,16.43048096057,0.4319677081292012,0.0076694610067583,0.0086244038730889,-2.252121218562679,13.94999999999997,0.7955801104972375,40,27.0,28.399999999999903,True,15.91892657902422,0.4258323374530554,sensitive_q25,52,0.0216477006006522,22.410417,0.460998036796499,19.811875,0.4509514859114252,,,,outputs/runup_analysis/early_growth_onset/manual_review_all_current_20260603/early_growth_batch_summary.csv,outputs/runup_analysis/early_growth_onset/jun1_normalized_csv_20260602_081655/May26_27Hz_IMG_0159/early_growth_summary.json,outputs/runup_analysis/early_growth_onset/jun1_normalized_csv_20260602_081655/May26_27Hz_IMG_0159/early_growth_metrics.csv,,0.4322996397900359,0.43267049333492147,outputs/runup_analysis/May26_27Hz_IMG_0159/accelerometer_gamma_metrics.csv,28.399999999999903,0.4322996397900359,2.8569585735102928e-06,0.0031372205129336,5.482206475964056,1098.0980060480797,0.06935,0.10858607855511826,0.09742802462498049,0.3237135612349176,0.33487161516505537,0.33487161516505537
may26_27Hz_runup_IMG_0145,2026-06-03T15:24:03+00:00,,accepted,,37.2571469106,0.4530810977400689,0.0061635722369843,0.0065081991147993,-2.4005684816244712,14.055759848775772,0.8895027624309392,40,27.0,28.499999999999908,True,39.00724440600683,0.4664466682942408,sensitive_q25,144,0.0248523013395086,41.355,0.5076083329390705,39.008125,0.4719926347453447,,,,outputs/runup_analysis/early_growth_onset/manual_review_all_current_20260603/early_growth_batch_summary.csv,outputs/runup_analysis/early_growth_onset/jun1_normalized_csv_20260602_081655/May26_27Hz_IMG_0145/early_growth_summary.json,outputs/runup_analysis/early_growth_onset/jun1_normalized_csv_20260602_081655/May26_27Hz_IMG_0145/early_growth_metrics.csv,,0.45273404512436216,0.45322657874223277,outputs/runup_analysis/May26_27Hz_IMG_0145/accelerometer_gamma_metrics.csv,28.499999999999908,0.45273404512436216,2.8569585735102928e-06,0.0031372205129336,5.482206475964056,1098.0980060480797,0.06935,0.11217469160841094,0.09782841625518557,0.34055935351595124,0.3549056288691766,0.3549056288691766
may26_30Hz_runup_IMG_0150,2026-06-03T15:24:28+00:00,,accepted,,34.11522891813,0.4751062606053524,0.0063917938953532,0.0065107264273924,-2.3484956302995963,15.89999999999997,0.994475138121547,40,30.0,31.499999999999893,True,33.00778389845873,0.4580212788374326,sensitive_q25,108,0.0585749021864267,38.300833,0.5344405708838762,35.6483335,0.5023206629422456,,,,outputs/runup_analysis/early_growth_onset/manual_review_all_current_20260603/early_growth_batch_summary.csv,outputs/runup_analysis/early_growth_onset/jun1_normalized_csv_20260602_081655/May26_30Hz_IMG_0150/early_growth_summary.json,outputs/runup_analysis/early_growth_onset/jun1_normalized_csv_20260602_081655/May26_30Hz_IMG_0150/early_growth_metrics.csv,,0.47545169848233354,0.47561603052724144,outputs/runup_analysis/May26_30Hz_IMG_0150/accelerometer_gamma_metrics.csv,31.499999999999893,0.47545169848233354,2.8569585735102928e-06,0.0031372205129336,5.482206475964056,1098.0980060480797,0.06935,0.11440245326954827,0.1126889276526685,0.36104924521278525,0.362762770829665,0.362762770829665
may26_30Hz_runup_IMG_0158,2026-06-03T15:24:48+00:00,,accepted,,18.25979395619,0.500828283028487,0.0054648866664376,0.0061784557603379,-2.4133980941699043,17.24999999999999,0.4560743559544129,40,30.0,31.499999999999893,True,5.498919080686426,0.2509964358719665,sensitive_q25,30,0.0212023350987204,23.07625,0.5113128241209774,20.513125,0.5143739161825791,,,,outputs/runup_analysis/early_growth_onset/manual_review_all_current_20260603/early_growth_batch_summary.csv,outputs/runup_analysis/early_growth_onset/jun1_normalized_csv_20260602_081655/May26_30Hz_IMG_0158/early_growth_summary.json,outputs/runup_analysis/early_growth_onset/jun1_normalized_csv_20260602_081655/May26_30Hz_IMG_0158/early_growth_metrics.csv,,0.5007399907363839,0.5009719109746265,outputs/runup_analysis/May26_30Hz_IMG_0158/accelerometer_gamma_metrics.csv,31.499999999999893,0.5007399907363839,2.8569585735102928e-06,0.0031372205129336,5.482206475964056,1098.0980060480797,0.06935,0.11440245326954827,0.1126889276526685,0.3863375374668356,0.3880510630837154,0.3880510630837154
jun1_50wt_15Hz_runup_IMG_0004,2026-06-03T15:03:00+00:00,,accepted,,12.530168969939998,0.1523786060520075,0.0157082533820691,0.0153443513402812,-2.3383922830306436,6.252970123110151,0.1626552350154502,50,15.0,15.049999999999956,True,13.880420606245274,0.163508172789602,sensitive_q25,186,0.0250318626861328,17.916667,0.2086234264533401,,,,,,outputs/runup_analysis/early_growth_onset/manual_review_all_current_20260603/early_growth_batch_summary.csv,outputs/runup_analysis/early_growth_onset/jun1_normalized_csv_20260602_081655/Jun1_50wt_15Hz_IMG_0004/early_growth_summary.json,outputs/runup_analysis/early_growth_onset/jun1_normalized_csv_20260602_081655/Jun1_50wt_15Hz_IMG_0004/early_growth_metrics.csv,,0.15186193399304382,0.15218019117650852,outputs/runup_analysis/Jun1_50wt_15Hz_IMG_0004/accelerometer_gamma_metrics.csv,15.049999999999956,0.15186193399304382,4.453417115841159e-06,0.0050036871239308,5.340162570767529,1123.5612999582586,0.068625,0.13585537142387935,0.09973952903031767,0.016006562569164468,0.052122404962726146,0.052122404962726146
jun1_50wt_15Hz_runup_IMG_0005,2026-06-03T15:03:16+00:00,,accepted,,13.17605396839,0.1336648408423023,0.0128633526412238,0.0115399598898805,-2.403719864394793,6.024999999999977,0.0,50,15.0,15.049999999999956,True,14.811988974099547,0.1617671216596175,sensitive_q25,108,0.0055015440978971,17.654583,0.2230782115216796,,,,,,outputs/runup_analysis/early_growth_onset/manual_review_all_current_20260603/early_growth_batch_summary.csv,outputs/runup_analysis/early_growth_onset/jun1_normalized_csv_20260602_081655/Jun1_50wt_15Hz_IMG_0005/early_growth_summary.json,outputs/runup_analysis/early_growth_onset/jun1_normalized_csv_20260602_081655/Jun1_50wt_15Hz_IMG_0005/early_growth_metrics.csv,,0.13293303708961854,0.13318671637633384,outputs/runup_analysis/Jun1_50wt_15Hz_IMG_0005/accelerometer_gamma_metrics.csv,15.049999999999956,0.13293303708961854,4.453417115841159e-06,0.0050036871239308,5.340162570767529,1123.5612999582586,0.068625,0.13585537142387935,0.09973952903031767,-0.002922334334260812,0.033193508059300866,0.033193508059300866
jun1_50wt_15Hz_runup_IMG_0006,2026-06-03T15:04:19+00:00,,accepted,,12.65934596963,0.1232613355413122,0.0198738688536678,0.0205023897729693,-1.8899234989282616,8.352850136429062,0.0,50,15.0,15.049999999999956,True,12.007920888755056,0.1534472517068738,median_due_to_ensemble_spread,108,0.0951419839114521,23.384167,0.2089868482865861,,,,,,outputs/runup_analysis/early_growth_onset/manual_review_all_current_20260603/early_growth_batch_summary.csv,outputs/runup_analysis/early_growth_onset/jun1_normalized_csv_20260602_081655/Jun1_50wt_15Hz_IMG_0006/early_growth_summary.json,outputs/runup_analysis/early_growth_onset/jun1_normalized_csv_20260602_081655/Jun1_50wt_15Hz_IMG_0006/early_growth_metrics.csv,,0.12247371589693465,0.12279608668856117,outputs/runup_analysis/Jun1_50wt_15Hz_IMG_0006/accelerometer_gamma_metrics.csv,15.049999999999956,0.12247371589693465,4.453417115841159e-06,0.0050036871239308,5.340162570767529,1123.5612999582586,0.068625,0.13585537142387935,0.09973952903031767,-0.013381655526944702,0.022734186866616976,0.022734186866616976
jun1_50wt_17Hz_runup_IMG_0008,2026-06-03T15:04:43+00:00,,accepted,,10.2508199754,0.1662615238182449,0.0171138885992902,0.018179696169314,-1.9927179811161648,8.47499999999997,0.9558011049723756,50,17.0,17.049999999999947,True,10.821783177764807,0.1771996514572388,sensitive_q25,108,0.0083744774147671,13.056667,0.188979474971213,,,,,,outputs/runup_analysis/early_growth_onset/manual_review_all_current_20260603/early_growth_batch_summary.csv,outputs/runup_analysis/early_growth_onset/jun1_normalized_csv_20260602_081655/Jun1_50wt_17Hz_IMG_0008/early_growth_summary.json,outputs/runup_analysis/early_growth_onset/jun1_normalized_csv_20260602_081655/Jun1_50wt_17Hz_IMG_0008/early_growth_metrics.csv,,0.16509593311998913,0.16693305883368173,outputs/runup_analysis/Jun1_50wt_17Hz_IMG_0008/accelerometer_gamma_metrics.csv,17.049999999999947,0.16509593311998913,4.453417115841159e-06,0.0050036871239308,5.340162570767529,1123.5612999582586,0.068625,0.10091559687149754,0.10055761378299942,0.06418033624849159,0.06453831933698971,0.06453831933698971
jun1_50wt_17Hz_runup_IMG_0010,2026-06-03T15:04:57+00:00,,accepted,,14.855354964359998,0.1274809813985079,0.0294787509656804,0.0278645015319957,-1.6353285573932974,7.624999999999972,0.5027624309392266,50,17.0,17.049999999999947,True,10.264922601924937,0.0561182605969989,sensitive_q25,162,0.0381091169001164,17.405,0.1576717533789633,,,,,,outputs/runup_analysis/early_growth_onset/manual_review_all_current_20260603/early_growth_batch_summary.csv,outputs/runup_analysis/early_growth_onset/jun1_normalized_csv_20260602_081655/Jun1_50wt_17Hz_IMG_0010/early_growth_summary.json,outputs/runup_analysis/early_growth_onset/jun1_normalized_csv_20260602_081655/Jun1_50wt_17Hz_IMG_0010/early_growth_metrics.csv,,0.12590906388105066,0.12695745667117508,outputs/runup_analysis/Jun1_50wt_17Hz_IMG_0010/accelerometer_gamma_metrics.csv,17.049999999999947,0.12590906388105066,4.453417115841159e-06,0.0050036871239308,5.340162570767529,1123.5612999582586,0.068625,0.10091559687149754,0.10055761378299942,0.024993467009553128,0.025351450098051245,0.025351450098051245
jun1_50wt_17Hz_runup_IMG_0011,2026-06-03T15:05:25+00:00,,accepted,,6.475517984469999,0.1663711930591579,0.0124004542827669,0.0119250743261164,-2.145120390850103,8.458785592054708,0.6464088397790055,50,17.0,17.049999999999947,True,9.615833,0.1786512158321227,sensitive_q25,18,0.0002199124030891,10.03625,0.1790009653516336,,,,,,outputs/runup_analysis/early_growth_onset/manual_review_all_current_20260603/early_growth_batch_summary.csv,outputs/runup_analysis/early_growth_onset/jun1_normalized_csv_20260602_081655/Jun1_50wt_17Hz_IMG_0011/early_growth_summary.json,outputs/runup_analysis/early_growth_onset/jun1_normalized_csv_20260602_081655/Jun1_50wt_17Hz_IMG_0011/early_growth_metrics.csv,,0.16476214831465547,0.16637024489529775,outputs/runup_analysis/Jun1_50wt_17Hz_IMG_0011/accelerometer_gamma_metrics.csv,17.049999999999947,0.16476214831465547,4.453417115841159e-06,0.0050036871239308,5.340162570767529,1123.5612999582586,0.068625,0.10091559687149754,0.10055761378299942,0.06384655144315793,0.06420453453165605,0.06420453453165605
jun1_50wt_20Hz_runup_IMG_0013,2026-06-03T15:06:04+00:00,,accepted,,21.10168794936,0.2136799144243484,0.0169108252352659,0.0169519859982297,-1.930586986016999,10.089238683945355,1.0,50,20.0,20.199999999999935,True,9.570920057112644,0.1977540174730836,sensitive_q25,108,0.0170876159506469,28.930417,0.268996596047247,,,,,,outputs/runup_analysis/early_growth_onset/manual_review_all_current_20260603/early_growth_batch_summary.csv,outputs/runup_analysis/early_growth_onset/jun1_normalized_csv_20260602_081655/Jun1_50wt_20Hz_IMG_0013/early_growth_summary.json,outputs/runup_analysis/early_growth_onset/jun1_normalized_csv_20260602_081655/Jun1_50wt_20Hz_IMG_0013/early_growth_metrics.csv,,0.2025953269380629,0.21420894861889395,outputs/runup_analysis/Jun1_50wt_20Hz_IMG_0013/accelerometer_gamma_metrics.csv,20.199999999999935,0.2025953269380629,4.453417115841159e-06,0.0050036871239308,5.340162570767529,1123.5612999582586,0.068625,0.12228835574429446,0.10730676974425905,0.08030697119376844,0.09528855719380384,0.09528855719380384
jun1_50wt_20Hz_runup_IMG_0014,2026-06-03T15:06:22+00:00,,accepted,,13.41357296782,0.2122301081007654,0.0113497114846588,0.0109101800831852,-2.0915279090302397,10.766691166107057,0.6587980470422252,50,20.0,20.199999999999935,True,10.810077823715387,0.1919673050147755,sensitive_q25,108,0.0497628177171641,19.914167,0.2837565558727732,,,,,,outputs/runup_analysis/early_growth_onset/manual_review_all_current_20260603/early_growth_batch_summary.csv,outputs/runup_analysis/early_growth_onset/jun1_normalized_csv_20260602_081655/Jun1_50wt_20Hz_IMG_0014/early_growth_summary.json,outputs/runup_analysis/early_growth_onset/jun1_normalized_csv_20260602_081655/Jun1_50wt_20Hz_IMG_0014/early_growth_metrics.csv,,0.20008316510451107,0.21109599940110813,outputs/runup_analysis/Jun1_50wt_20Hz_IMG_0014/accelerometer_gamma_metrics.csv,20.199999999999935,0.20008316510451107,4.453417115841159e-06,0.0050036871239308,5.340162570767529,1123.5612999582586,0.068625,0.12228835574429446,0.10730676974425905,0.07779480936021661,0.09277639536025202,0.09277639536025202
jun1_50wt_20Hz_runup_IMG_0015,2026-06-03T15:07:13+00:00,,accepted,,12.726017969469998,0.1847468377237702,0.0102591896054746,0.0093772012325917,-2.213287829335987,9.44417714666289,0.9060773480662984,50,20.0,20.199999999999935,True,11.748034709361976,0.1660373887310322,sensitive_q25,108,0.05429522641494,20.675417,0.2726309887008742,,,,,,outputs/runup_analysis/early_growth_onset/manual_review_all_current_20260603/early_growth_batch_summary.csv,outputs/runup_analysis/early_growth_onset/jun1_normalized_csv_20260602_081655/Jun1_50wt_20Hz_IMG_0015/early_growth_summary.json,outputs/runup_analysis/early_growth_onset/jun1_normalized_csv_20260602_081655/Jun1_50wt_20Hz_IMG_0015/early_growth_metrics.csv,,0.17354959334542047,0.1836938730651911,outputs/runup_analysis/Jun1_50wt_20Hz_IMG_0015/accelerometer_gamma_metrics.csv,20.199999999999935,0.17354959334542047,4.453417115841159e-06,0.0050036871239308,5.340162570767529,1123.5612999582586,0.068625,0.12228835574429446,0.10730676974425905,0.05126123760112601,0.06624282360116142,0.06624282360116142
jun1_50wt_22Hz_runup_IMG_0017,2026-06-03T15:07:36+00:00,,accepted,,15.99294596162,0.2782762613547481,0.0158135740152221,0.0146159697257725,-1.9686815237535549,12.16240031228989,0.1801494360025776,50,22.0,22.149999999999928,True,16.192878111190772,0.2812898049511789,sensitive_q25,216,0.0062245545014202,18.549167,0.2902040623253532,,,,,,outputs/runup_analysis/early_growth_onset/manual_review_all_current_20260603/early_growth_batch_summary.csv,outputs/runup_analysis/early_growth_onset/jun1_normalized_csv_20260602_081655/Jun1_50wt_22Hz_IMG_0017/early_growth_summary.json,outputs/runup_analysis/early_growth_onset/jun1_normalized_csv_20260602_081655/Jun1_50wt_22Hz_IMG_0017/early_growth_metrics.csv,,0.23993613762461882,0.27927043943538765,outputs/runup_analysis/Jun1_50wt_22Hz_IMG_0017/accelerometer_gamma_metrics.csv,22.149999999999928,0.23993613762461882,4.453417115841159e-06,0.0050036871239308,5.340162570767529,1123.5612999582586,0.068625,0.11501693230573073,0.1145803170568692,0.12491920531888809,0.12535582056774963,0.12535582056774963
jun1_50wt_22Hz_runup_IMG_0018,2026-06-03T15:07:54+00:00,,accepted,,14.90119196425,0.2498935725420721,0.0129975733362336,0.0114901724595881,-2.073464031465495,12.575000000000006,0.2446743013045139,50,22.0,22.149999999999928,True,9.985980200212287,0.2369929583229931,sensitive_q25,100,0.0060439995383826,18.26625,0.2566431506147635,,,,,,outputs/runup_analysis/early_growth_onset/manual_review_all_current_20260603/early_growth_batch_summary.csv,outputs/runup_analysis/early_growth_onset/jun1_normalized_csv_20260602_081655/Jun1_50wt_22Hz_IMG_0018/early_growth_summary.json,outputs/runup_analysis/early_growth_onset/jun1_normalized_csv_20260602_081655/Jun1_50wt_22Hz_IMG_0018/early_growth_metrics.csv,,0.21442899861236298,0.24998820980466935,outputs/runup_analysis/Jun1_50wt_22Hz_IMG_0018/accelerometer_gamma_metrics.csv,22.149999999999928,0.21442899861236298,4.453417115841159e-06,0.0050036871239308,5.340162570767529,1123.5612999582586,0.068625,0.11501693230573073,0.1145803170568692,0.09941206630663224,0.09984868155549377,0.09984868155549377
jun1_50wt_22Hz_runup_IMG_0019,2026-06-03T15:08:09+00:00,,accepted,,17.55973795786,0.2882791008803599,0.0172409003267221,0.0194248352142618,-1.8612198197150869,11.47499999999999,0.7195419387797065,50,22.0,22.149999999999928,True,15.332879411927388,0.2796895744178617,sensitive_q25,144,0.008763528463701,19.094167,0.2975287188786332,,,,,,outputs/runup_analysis/early_growth_onset/manual_review_all_current_20260603/early_growth_batch_summary.csv,outputs/runup_analysis/early_growth_onset/jun1_normalized_csv_20260602_081655/Jun1_50wt_22Hz_IMG_0019/early_growth_summary.json,outputs/runup_analysis/early_growth_onset/jun1_normalized_csv_20260602_081655/Jun1_50wt_22Hz_IMG_0019/early_growth_metrics.csv,,0.24853153343058573,0.2885205302342811,outputs/runup_analysis/Jun1_50wt_22Hz_IMG_0019/accelerometer_gamma_metrics.csv,22.149999999999928,0.24853153343058573,4.453417115841159e-06,0.0050036871239308,5.340162570767529,1123.5612999582586,0.068625,0.11501693230573073,0.1145803170568692,0.133514601124855,0.13395121637371654,0.13395121637371654
jun1_50wt_25Hz_runup_IMG_0022,2026-06-03T15:09:02+00:00,,accepted,,15.48040496286,0.1777896130159549,0.006770670783979,0.0068561265312663,-2.5771144201820193,12.449861565394748,1.0,50,25.0,25.149999999999917,True,18.974028131006353,0.2290105126834432,sensitive_q25,108,0.0114566663644922,22.165,0.2505119503280186,,,,,,outputs/runup_analysis/early_growth_onset/manual_review_all_current_20260603/early_growth_batch_summary.csv,outputs/runup_analysis/early_growth_onset/jun1_normalized_csv_20260602_081655/Jun1_50wt_25Hz_IMG_0022/early_growth_summary.json,outputs/runup_analysis/early_growth_onset/jun1_normalized_csv_20260602_081655/Jun1_50wt_25Hz_IMG_0022/early_growth_metrics.csv,,0.16841171879477956,0.1779671139783192,outputs/runup_analysis/Jun1_50wt_25Hz_IMG_0022/accelerometer_gamma_metrics.csv,25.149999999999917,0.16841171879477956,4.453417115841159e-06,0.0050036871239308,5.340162570767529,1123.5612999582586,0.068625,0.14219110086308975,0.12981836801061786,0.02622061793168981,0.038593350784161706,0.038593350784161706
jun1_50wt_25Hz_runup_IMG_0023,2026-06-03T15:09:13+00:00,,accepted,,8.049502340281625,0.2037462133879249,0.0071809755217891,0.007195741236866,-2.6736217319948388,12.52499999999998,0.550169034364489,50,25.0,25.149999999999917,True,8.049502340281625,0.2037462133879249,sensitive_q25,108,0.003449012102921,14.78375,0.241059346724342,,,,,,outputs/runup_analysis/early_growth_onset/manual_review_all_current_20260603/early_growth_batch_summary.csv,outputs/runup_analysis/early_growth_onset/jun1_normalized_csv_20260602_081655/Jun1_50wt_25Hz_IMG_0023/early_growth_summary.json,outputs/runup_analysis/early_growth_onset/jun1_normalized_csv_20260602_081655/Jun1_50wt_25Hz_IMG_0023/early_growth_metrics.csv,,0.19288027553282786,0.20301729219983386,outputs/runup_analysis/Jun1_50wt_25Hz_IMG_0023/accelerometer_gamma_metrics.csv,25.149999999999917,0.19288027553282786,4.453417115841159e-06,0.0050036871239308,5.340162570767529,1123.5612999582586,0.068625,0.14219110086308975,0.12981836801061786,0.0506891746697381,0.06306190752221,0.06306190752221
jun1_50wt_25Hz_runup_IMG_0024,2026-06-03T15:10:01+00:00,,accepted,,8.179820980379999,0.207578810131971,0.0106834804316042,0.0108045050891157,-2.355553655298879,12.52499999999998,1.0,50,25.0,25.149999999999917,True,7.227042784045243,0.1937785987427562,sensitive_q25,108,0.0249319150316807,13.826667,0.2362937575372091,,,,,,outputs/runup_analysis/early_growth_onset/manual_review_all_current_20260603/early_growth_batch_summary.csv,outputs/runup_analysis/early_growth_onset/jun1_normalized_csv_20260602_081655/Jun1_50wt_25Hz_IMG_0024/early_growth_summary.json,outputs/runup_analysis/early_growth_onset/jun1_normalized_csv_20260602_081655/Jun1_50wt_25Hz_IMG_0024/early_growth_metrics.csv,,0.1979288515337102,0.2086908884898292,outputs/runup_analysis/Jun1_50wt_25Hz_IMG_0024/accelerometer_gamma_metrics.csv,25.149999999999917,0.1979288515337102,4.453417115841159e-06,0.0050036871239308,5.340162570767529,1123.5612999582586,0.068625,0.14219110086308975,0.12981836801061786,0.05573775067062045,0.06811048352309235,0.06811048352309235
jun1_50wt_27Hz_runup_IMG_0026,2026-06-03T15:10:15+00:00,,accepted,,25.4775818354185,0.2598306836041367,0.0101483667898899,0.0100792223378547,-2.4762775391493164,13.636971092356612,0.8680647012351733,50,27.0,27.14999999999991,True,25.4775818354185,0.2517641183609679,sensitive_q25,144,0.0422706713222093,28.885,0.3115356235823586,,,,,,outputs/runup_analysis/early_growth_onset/manual_review_all_current_20260603/early_growth_batch_summary.csv,outputs/runup_analysis/early_growth_onset/jun1_normalized_csv_20260602_081655/Jun1_50wt_27Hz_IMG_0026/early_growth_summary.json,outputs/runup_analysis/early_growth_onset/jun1_normalized_csv_20260602_081655/Jun1_50wt_27Hz_IMG_0026/early_growth_metrics.csv,,0.2527409124999679,0.2592168058358622,outputs/runup_analysis/Jun1_50wt_27Hz_IMG_0026/accelerometer_gamma_metrics.csv,27.14999999999991,0.2527409124999679,4.453417115841159e-06,0.0050036871239308,5.340162570767529,1123.5612999582586,0.068625,0.1510192257104382,0.14243586279446432,0.1017216867895297,0.11030504970550356,0.11030504970550356
jun1_50wt_27Hz_runup_IMG_0027,2026-06-03T15:10:31+00:00,,accepted,,16.44298196055,0.279604001455605,0.0094729411052244,0.0093836432689414,-2.593815809019002,13.465784263858856,0.8000866589899315,50,27.0,27.14999999999991,True,16.883445062284363,0.2863537756388996,sensitive_q25,108,0.0084456147836423,19.997083,0.3097090959954559,,,,,,outputs/runup_analysis/early_growth_onset/manual_review_all_current_20260603/early_growth_batch_summary.csv,outputs/runup_analysis/early_growth_onset/jun1_normalized_csv_20260602_081655/Jun1_50wt_27Hz_IMG_0027/early_growth_summary.json,outputs/runup_analysis/early_growth_onset/jun1_normalized_csv_20260602_081655/Jun1_50wt_27Hz_IMG_0027/early_growth_metrics.csv,,0.2742592902541404,0.28123921389714474,outputs/runup_analysis/Jun1_50wt_27Hz_IMG_0027/accelerometer_gamma_metrics.csv,27.14999999999991,0.2742592902541404,4.453417115841159e-06,0.0050036871239308,5.340162570767529,1123.5612999582586,0.068625,0.1510192257104382,0.14243586279446432,0.12324006454370223,0.1318234274596761,0.1318234274596761
jun1_50wt_27Hz_runup_IMG_0028,2026-06-03T15:10:48+00:00,,accepted,,20.59331395059,0.2701733574654063,0.0099673350330228,0.0096621009344924,-2.433189081705617,13.061433687065511,0.7861624558521486,50,27.0,27.14999999999991,True,18.33604636762787,0.2499529834435429,sensitive_q25,126,0.0352784310241962,24.420417,0.2986691779647149,,,,,,outputs/runup_analysis/early_growth_onset/manual_review_all_current_20260603/early_growth_batch_summary.csv,outputs/runup_analysis/early_growth_onset/jun1_normalized_csv_20260602_081655/Jun1_50wt_27Hz_IMG_0028/early_growth_summary.json,outputs/runup_analysis/early_growth_onset/jun1_normalized_csv_20260602_081655/Jun1_50wt_27Hz_IMG_0028/early_growth_metrics.csv,,0.2619904764874915,0.26876301206708963,outputs/runup_analysis/Jun1_50wt_27Hz_IMG_0028/accelerometer_gamma_metrics.csv,27.14999999999991,0.2619904764874915,4.453417115841159e-06,0.0050036871239308,5.340162570767529,1123.5612999582586,0.068625,0.1510192257104382,0.14243586279446432,0.11097125077705333,0.1195546136930272,0.1195546136930272
jun1_50wt_30Hz_runup_IMG_0029,2026-06-03T15:11:05+00:00,,accepted,,15.84088922100343,0.3040339747442017,0.0061321698285104,0.0062483792539746,-2.44423340000204,14.649999999999965,1.0,50,30.0,30.1999999999999,True,15.84088922100343,0.3039701686093907,sensitive_q25,64,0.0012750152557718,19.768333,0.3070860331786501,,,,,,outputs/runup_analysis/early_growth_onset/manual_review_all_current_20260603/early_growth_batch_summary.csv,outputs/runup_analysis/early_growth_onset/jun1_normalized_csv_20260602_081655/Jun1_50wt_30Hz_IMG_0029/early_growth_summary.json,outputs/runup_analysis/early_growth_onset/jun1_normalized_csv_20260602_081655/Jun1_50wt_30Hz_IMG_0029/early_growth_metrics.csv,,0.3002736872029665,0.30522950237373087,outputs/runup_analysis/Jun1_50wt_30Hz_IMG_0029/accelerometer_gamma_metrics.csv,30.1999999999999,0.3002736872029665,4.453417115841159e-06,0.0050036871239308,5.340162570767529,1123.5612999582586,0.068625,0.18861723685531603,0.16502772935001173,0.11165645034765045,0.13524595785295476,0.13524595785295476
jun1_50wt_30Hz_runup_IMG_0030,2026-06-03T15:11:19+00:00,,accepted,,14.58866696499,0.2930431085818219,0.0053873015339599,0.0053643413782561,-2.6130303560216115,14.59099897995674,0.9613259668508288,50,30.0,30.1999999999999,True,15.736667,0.3061551300358486,sensitive_q25,36,0.0026575208026373,19.260833,0.3070998312890071,,,,,,outputs/runup_analysis/early_growth_onset/manual_review_all_current_20260603/early_growth_batch_summary.csv,outputs/runup_analysis/early_growth_onset/jun1_normalized_csv_20260602_081655/Jun1_50wt_30Hz_IMG_0030/early_growth_summary.json,outputs/runup_analysis/early_growth_onset/jun1_normalized_csv_20260602_081655/Jun1_50wt_30Hz_IMG_0030/early_growth_metrics.csv,,0.28687970067061286,0.29166345023825174,outputs/runup_analysis/Jun1_50wt_30Hz_IMG_0030/accelerometer_gamma_metrics.csv,30.1999999999999,0.28687970067061286,4.453417115841159e-06,0.0050036871239308,5.340162570767529,1123.5612999582586,0.068625,0.18861723685531603,0.16502772935001173,0.09826246381529682,0.12185197132060113,0.12185197132060113
jun1_50wt_30Hz_runup_IMG_0031,2026-06-03T15:11:32+00:00,,accepted,,33.40267191984999,0.2710118516756042,0.0063707735965832,0.0067808397921969,-2.4342095522864,14.962935926925914,0.8895027624309392,50,30.0,30.1999999999999,True,35.66528172008818,0.280590204335955,sensitive_q25,108,0.0162164577740501,39.57,0.3059091640570832,,,,,,outputs/runup_analysis/early_growth_onset/manual_review_all_current_20260603/early_growth_batch_summary.csv,outputs/runup_analysis/early_growth_onset/jun1_normalized_csv_20260602_081655/Jun1_50wt_30Hz_IMG_0031/early_growth_summary.json,outputs/runup_analysis/early_growth_onset/jun1_normalized_csv_20260602_081655/Jun1_50wt_30Hz_IMG_0031/early_growth_metrics.csv,,0.26535109188948536,0.26958323027632,outputs/runup_analysis/Jun1_50wt_30Hz_IMG_0031/accelerometer_gamma_metrics.csv,30.1999999999999,0.26535109188948536,4.453417115841159e-06,0.0050036871239308,5.340162570767529,1123.5612999582586,0.068625,0.18861723685531603,0.16502772935001173,0.07673385503416932,0.10032336253947363,0.10032336253947363
jun1_60wt_15Hz_runup_IMG_0037,2026-06-03T16:13:06+00:00,,accepted,,8.21315698029,0.1694327380563504,0.0104127845262235,0.0109444010274067,-2.817981319868454,6.492884332733364,0.0276243093922651,60,15.0,14.999999999999954,True,5.4569568176978365,0.0932202301171888,median_due_to_ensemble_spread,78,0.1581991751677221,17.979167,0.2879235665935586,,,,,,outputs/runup_analysis/early_growth_onset/manual_review_all_current_20260603/early_growth_batch_summary.csv,outputs/runup_analysis/early_growth_onset/jun1_normalized_csv_20260602_081655/Jun1_60wt_15Hz_IMG_0037/early_growth_summary.json,outputs/runup_analysis/early_growth_onset/jun1_normalized_csv_20260602_081655/Jun1_60wt_15Hz_IMG_0037/early_growth_metrics.csv,,0.16960685158349448,0.16965326609162296,outputs/runup_analysis/Jun1_60wt_15Hz_IMG_0037/accelerometer_gamma_metrics.csv,14.999999999999954,0.16960685158349448,7.692228993556392e-06,0.0088478493971077,6.686829233159108,1150.2321894628178,0.0679,0.145236358810599,0.11360084870447489,0.02437049277289549,0.05600600287901959,0.05600600287901959
jun1_60wt_15Hz_runup_IMG_0038,2026-06-03T16:13:17+00:00,,accepted,,10.83419997401,0.1621839211551927,0.0157381857834913,0.01596576985771,-2.234425966419472,6.259599543916475,0.0497237569060773,60,15.0,14.999999999999954,True,12.793230051945784,0.2165864795137454,sensitive_q25,108,0.024462244555393,19.59375,0.2521292361439007,,,,,,outputs/runup_analysis/early_growth_onset/manual_review_all_current_20260603/early_growth_batch_summary.csv,outputs/runup_analysis/early_growth_onset/jun1_normalized_csv_20260602_081655/Jun1_60wt_15Hz_IMG_0038/early_growth_summary.json,outputs/runup_analysis/early_growth_onset/jun1_normalized_csv_20260602_081655/Jun1_60wt_15Hz_IMG_0038/early_growth_metrics.csv,,0.16188498029178672,0.16197752231665438,outputs/runup_analysis/Jun1_60wt_15Hz_IMG_0038/accelerometer_gamma_metrics.csv,14.999999999999954,0.16188498029178672,7.692228993556392e-06,0.0088478493971077,6.686829233159108,1150.2321894628178,0.0679,0.145236358810599,0.11360084870447489,0.01664862148118773,0.04828413158731183,0.04828413158731183
jun1_60wt_17Hz_runup_IMG_0041,2026-06-03T16:14:32+00:00,,accepted,,6.296336984899999,0.1940777219448783,0.0279809017491979,0.0278930085728406,-1.8705756348433016,8.249999999999968,1.0,60,17.0,17.099999999999945,True,3.68255321224442,0.1848085210007415,sensitive_q25,108,0.0089819755558172,10.319167,0.2192246386155645,,,,,,outputs/runup_analysis/early_growth_onset/manual_review_all_current_20260603/early_growth_batch_summary.csv,outputs/runup_analysis/early_growth_onset/jun1_normalized_csv_20260602_081655/Jun1_60wt_17Hz_IMG_0041/early_growth_summary.json,outputs/runup_analysis/early_growth_onset/jun1_normalized_csv_20260602_081655/Jun1_60wt_17Hz_IMG_0041/early_growth_metrics.csv,,0.19340875046431538,0.19358703549468542,outputs/runup_analysis/Jun1_60wt_17Hz_IMG_0041/accelerometer_gamma_metrics.csv,17.099999999999945,0.19340875046431538,7.692228993556392e-06,0.0088478493971077,6.686829233159108,1150.2321894628178,0.0679,0.1230068785935698,0.12103669543742508,0.07040187187074558,0.0723720550268903,0.0723720550268903
jun1_60wt_17Hz_runup_IMG_0043,2026-06-03T16:15:08+00:00,,accepted,,22.41429294621,0.1581885499386345,0.0196819062002321,0.0192346244202247,-2.117412613948548,8.449999999999967,1.0,60,17.0,17.099999999999945,True,15.174801359695214,0.0704305497395642,sensitive_q25,40,0.0156317278546626,26.4175,0.2036095711799816,,,,,,outputs/runup_analysis/early_growth_onset/manual_review_all_current_20260603/early_growth_batch_summary.csv,outputs/runup_analysis/early_growth_onset/jun1_normalized_csv_20260602_081655/Jun1_60wt_17Hz_IMG_0043/early_growth_summary.json,outputs/runup_analysis/early_growth_onset/jun1_normalized_csv_20260602_081655/Jun1_60wt_17Hz_IMG_0043/early_growth_metrics.csv,,0.15720600725021305,0.15739532403452217,outputs/runup_analysis/Jun1_60wt_17Hz_IMG_0043/accelerometer_gamma_metrics.csv,17.099999999999945,0.15720600725021305,7.692228993556392e-06,0.0088478493971077,6.686829233159108,1150.2321894628178,0.0679,0.1230068785935698,0.12103669543742508,0.03419912865664325,0.03616931181278797,0.03616931181278797
jun1_60wt_17Hz_runup_IMG_0044,2026-06-03T16:15:32+00:00,,accepted,,15.84710096198,0.1774623586016898,0.0163862743958738,0.0162321605619481,-2.407527229795674,8.419786873290123,1.0,60,17.0,17.099999999999945,True,18.690833,0.2285373345329094,median_due_to_ensemble_spread,90,0.2265458460323806,21.1125,0.2744191942165341,,,,,,outputs/runup_analysis/early_growth_onset/manual_review_all_current_20260603/early_growth_batch_summary.csv,outputs/runup_analysis/early_growth_onset/jun1_normalized_csv_20260602_081655/Jun1_60wt_17Hz_IMG_0044/early_growth_summary.json,outputs/runup_analysis/early_growth_onset/jun1_normalized_csv_20260602_081655/Jun1_60wt_17Hz_IMG_0044/early_growth_metrics.csv,,0.17642788970580495,0.17671454964918779,outputs/runup_analysis/Jun1_60wt_17Hz_IMG_0044/accelerometer_gamma_metrics.csv,17.099999999999945,0.17642788970580495,7.692228993556392e-06,0.0088478493971077,6.686829233159108,1150.2321894628178,0.0679,0.1230068785935698,0.12103669543742508,0.05342101111223514,0.055391194268379865,0.055391194268379865
jun1_60wt_20Hz_runup_IMG_0046,2026-06-03T14:28:44+00:00,,accepted,,15.901271961849998,0.2232705421037981,0.013161833415329,0.0132104121324037,-2.3813320622626515,8.599999999999968,0.1027912841226819,60,20.0,20.199999999999935,True,16.652712055359196,0.2317159758189386,sensitive_q25,108,0.0099739992044841,21.320417,0.265437739023197,,,,,,outputs/runup_analysis/early_growth_onset/manual_review_all_current_20260603/early_growth_batch_summary.csv,outputs/runup_analysis/early_growth_onset/jun1_normalized_csv_20260602_081655/Jun1_60wt_20Hz_IMG_0046/early_growth_summary.json,outputs/runup_analysis/early_growth_onset/jun1_normalized_csv_20260602_081655/Jun1_60wt_20Hz_IMG_0046/early_growth_metrics.csv,,0.21680908706139576,0.22199240025287956,outputs/runup_analysis/Jun1_60wt_20Hz_IMG_0046/accelerometer_gamma_metrics.csv,20.199999999999935,0.21680908706139576,7.692228993556392e-06,0.0088478493971077,6.686829233159108,1150.2321894628178,0.0679,0.1469968400686518,0.14141783438404146,0.06981224699274396,0.0753912526773543,0.0753912526773543
jun1_60wt_20Hz_runup_IMG_0047,2026-06-03T14:29:16+00:00,,accepted,,13.93444796657,0.2190151871958598,0.0115605041654877,0.0114889506427024,-2.8296938852142652,9.84459866279997,0.7900552486187845,60,20.0,20.199999999999935,True,12.929043876371455,0.2057921170023169,sensitive_q25,108,0.034587647650204,20.64625,0.2696141652850203,,,,,,outputs/runup_analysis/early_growth_onset/manual_review_all_current_20260603/early_growth_batch_summary.csv,outputs/runup_analysis/early_growth_onset/jun1_normalized_csv_20260602_081655/Jun1_60wt_20Hz_IMG_0047/early_growth_summary.json,outputs/runup_analysis/early_growth_onset/jun1_normalized_csv_20260602_081655/Jun1_60wt_20Hz_IMG_0047/early_growth_metrics.csv,,0.21530409838371736,0.2200396492725005,outputs/runup_analysis/Jun1_60wt_20Hz_IMG_0047/accelerometer_gamma_metrics.csv,20.199999999999935,0.21530409838371736,7.692228993556392e-06,0.0088478493971077,6.686829233159108,1150.2321894628178,0.0679,0.1469968400686518,0.14141783438404146,0.06830725831506557,0.0738862639996759,0.0738862639996759
jun1_60wt_20Hz_runup_IMG_0048,2026-06-03T14:30:04+00:00,,accepted,,16.75967395979,0.2094668873200811,0.0311074411195971,0.0304738042779679,-2.218893376144241,10.049999999999988,1.0,60,20.0,20.199999999999935,True,9.468450687482084,0.2035067870151346,sensitive_q25,36,0.0212822824866928,21.782083,0.2231472122277043,,,,,,outputs/runup_analysis/early_growth_onset/manual_review_all_current_20260603/early_growth_batch_summary.csv,outputs/runup_analysis/early_growth_onset/jun1_normalized_csv_20260602_081655/Jun1_60wt_20Hz_IMG_0048/early_growth_summary.json,outputs/runup_analysis/early_growth_onset/jun1_normalized_csv_20260602_081655/Jun1_60wt_20Hz_IMG_0048/early_growth_metrics.csv,,0.20365020398873343,0.2084548333443873,outputs/runup_analysis/Jun1_60wt_20Hz_IMG_0048/accelerometer_gamma_metrics.csv,20.199999999999935,0.20365020398873343,7.692228993556392e-06,0.0088478493971077,6.686829233159108,1150.2321894628178,0.0679,0.1469968400686518,0.14141783438404146,0.056653363920081634,0.06223236960469197,0.06223236960469197
jun2_60wt_22Hz_runup_IMG_0005,2026-06-03T16:17:13+00:00,,accepted,,18.83900695479,0.2770543031188841,0.0093666850447467,0.0090025097211908,-2.8085922535837566,10.633080811015123,0.1657458563535911,60,22.0,22.19999999999993,True,18.920124942656308,0.2783440209463607,sensitive_q25,108,0.0104087766756148,27.474167,0.3009047911247348,,,accepted,0.7389530850802793,74.0986474162532,outputs/runup_analysis/early_growth_onset/manual_review_all_current_20260603/early_growth_batch_summary.csv,outputs/runup_analysis/early_growth_onset/jun2_60_70_80_20260603_005140/Jun2_60wt_22Hz_IMG_0005/early_growth_summary.json,outputs/runup_analysis/early_growth_onset/jun2_60_70_80_20260603_005140/Jun2_60wt_22Hz_IMG_0005/early_growth_metrics.csv,,0.24863414162393332,0.2788175078445999,outputs/runup_analysis/Jun2_60wt_22Hz_IMG_0005/accelerometer_gamma_metrics.csv,22.19999999999993,0.24863414162393332,7.692228993556392e-06,0.0088478493971077,6.686829233159108,1150.2321894628178,0.0679,0.1625364076497599,0.15980240745819146,0.08609773397417342,0.08883173416574186,0.08883173416574186
jun2_60wt_22Hz_runup_IMG_0006,2026-06-03T16:17:30+00:00,,accepted,,8.36733597993,0.2393788962916643,0.0068631004804175,0.006781237667173,-3.328258315775975,9.599999999999964,0.1712707182320442,60,22.0,22.19999999999993,True,8.299566436312501,0.238967381643763,sensitive_q25,154,0.0127433976931365,23.779583,0.3124941587733911,,,accepted,0.8101819568760278,20.18147320909428,outputs/runup_analysis/early_growth_onset/manual_review_all_current_20260603/early_growth_batch_summary.csv,outputs/runup_analysis/early_growth_onset/jun2_60_70_80_20260603_005140/Jun2_60wt_22Hz_IMG_0006/early_growth_summary.json,outputs/runup_analysis/early_growth_onset/jun2_60_70_80_20260603_005140/Jun2_60wt_22Hz_IMG_0006/early_growth_metrics.csv,,0.21568079257977482,0.2387727626978064,outputs/runup_analysis/Jun2_60wt_22Hz_IMG_0006/accelerometer_gamma_metrics.csv,22.19999999999993,0.21568079257977482,7.692228993556392e-06,0.0088478493971077,6.686829233159108,1150.2321894628178,0.0679,0.1625364076497599,0.15980240745819146,0.053144384930014915,0.05587838512158336,0.05587838512158336
jun2_60wt_22Hz_runup_IMG_0007,2026-06-03T16:17:42+00:00,,accepted,,19.45946973218878,0.28288658481601,0.007197701913257,0.0071160818150695,-2.8010412235548587,11.586366304430284,0.2154696132596685,60,22.0,22.24999999999993,True,19.45946973218878,0.2816963929760154,sensitive_q25,72,0.0181023488947179,29.2425,0.3102775862280389,,,accepted,0.4567155485994069,49.212472648117576,outputs/runup_analysis/early_growth_onset/manual_review_all_current_20260603/early_growth_batch_summary.csv,outputs/runup_analysis/early_growth_onset/jun2_60_70_80_20260603_005140/Jun2_60wt_22Hz_IMG_0007/early_growth_summary.json,outputs/runup_analysis/early_growth_onset/jun2_60_70_80_20260603_005140/Jun2_60wt_22Hz_IMG_0007/early_growth_metrics.csv,,0.25310408801830564,0.28287553140969146,outputs/runup_analysis/Jun2_60wt_22Hz_IMG_0007/accelerometer_gamma_metrics.csv,22.24999999999993,0.25310408801830564,7.692228993556392e-06,0.0088478493971077,6.686829233159108,1150.2321894628178,0.0679,0.16628837562209223,0.16029892524941652,0.08681571239621341,0.09280516276888912,0.09280516276888912
jun2_60wt_25Hz_runup_IMG_0008,2026-06-03T14:36:08+00:00,,accepted,,14.60533496495,0.3335198881555606,0.0086499556236316,0.008416330245726,-2.809325655018751,12.424999999999978,1.0,60,25.0,25.149999999999917,True,16.21800213478124,0.3439501758470393,sensitive_q25,132,0.0017606595282658,32.537917,0.374770550450463,,,accepted,0.600079798797168,37.98267368454411,outputs/runup_analysis/early_growth_onset/manual_review_all_current_20260603/early_growth_batch_summary.csv,outputs/runup_analysis/early_growth_onset/jun2_60_70_80_20260603_005140/Jun2_60wt_25Hz_IMG_0008/early_growth_summary.json,outputs/runup_analysis/early_growth_onset/jun2_60_70_80_20260603_005140/Jun2_60wt_25Hz_IMG_0008/early_growth_metrics.csv,,0.3271224722549508,0.3332762874770021,outputs/runup_analysis/Jun2_60wt_25Hz_IMG_0008/accelerometer_gamma_metrics.csv,25.149999999999917,0.3271224722549508,7.692228993556392e-06,0.0088478493971077,6.686829233159108,1150.2321894628178,0.0679,0.20253934643976013,0.19330773997814255,0.12458312581519065,0.13381473227680823,0.13381473227680823
jun2_60wt_25Hz_runup_IMG_0009,2026-06-03T14:39:08+00:00,,accepted,,14.22197096588,0.3499664014691723,0.0060087704180459,0.0060713497548367,-2.220377117430529,11.074999999999958,0.3589674447977965,60,25.0,25.149999999999917,True,25.756384823992384,0.3678014500134151,sensitive_q25,108,0.0009819571080126,44.617083,0.3706942382409971,,,accepted,0.8577910705738871,90.78813041921222,outputs/runup_analysis/early_growth_onset/manual_review_all_current_20260603/early_growth_batch_summary.csv,outputs/runup_analysis/early_growth_onset/jun2_60_70_80_20260603_005140/Jun2_60wt_25Hz_IMG_0009/early_growth_summary.json,outputs/runup_analysis/early_growth_onset/jun2_60_70_80_20260603_005140/Jun2_60wt_25Hz_IMG_0009/early_growth_metrics.csv,,0.3424179459919444,0.34848606526342685,outputs/runup_analysis/Jun2_60wt_25Hz_IMG_0009/accelerometer_gamma_metrics.csv,25.149999999999917,0.3424179459919444,7.692228993556392e-06,0.0088478493971077,6.686829233159108,1150.2321894628178,0.0679,0.20253934643976013,0.19330773997814255,0.1398785995521843,0.14911020601380187,0.14911020601380187
jun2_60wt_25Hz_runup_IMG_0010,2026-06-03T14:40:01+00:00,,accepted,,8.438174979759996,0.3275916195239338,0.0075901753199819,0.0074655591171556,-2.7030086250066354,12.526896546327444,1.0,60,25.0,25.149999999999917,True,16.202757698268364,0.3405217867074525,sensitive_q25,74,0.0044118122278866,70.364583,0.4076553867388648,,,accepted,0.544329610434642,20.36800585628812,outputs/runup_analysis/early_growth_onset/manual_review_all_current_20260603/early_growth_batch_summary.csv,outputs/runup_analysis/early_growth_onset/jun2_60_70_80_20260603_005140/Jun2_60wt_25Hz_IMG_0010/early_growth_summary.json,outputs/runup_analysis/early_growth_onset/jun2_60_70_80_20260603_005140/Jun2_60wt_25Hz_IMG_0010/early_growth_metrics.csv,,0.319511512326943,0.32528800120740936,outputs/runup_analysis/Jun2_60wt_25Hz_IMG_0010/accelerometer_gamma_metrics.csv,25.149999999999917,0.319511512326943,7.692228993556392e-06,0.0088478493971077,6.686829233159108,1150.2321894628178,0.0679,0.20253934643976013,0.19330773997814255,0.1169721658871829,0.12620377234880048,0.12620377234880048
jun2_60wt_25Hz_runup_IMG_0011,2026-06-03T14:40:46+00:00,,accepted,,18.08061295662,0.3561510133864368,0.0066228490289144,0.0067749507080432,-2.817807362133504,12.52499999999998,1.0,60,25.0,25.149999999999917,True,29.73375,0.3814055328330346,sensitive_q25,174,0.0116675139801518,65.122083,0.4553239474682827,,,accepted,0.6597824158972481,17.863180112585102,outputs/runup_analysis/early_growth_onset/manual_review_all_current_20260603/early_growth_batch_summary.csv,outputs/runup_analysis/early_growth_onset/jun2_60_70_80_20260603_005140/Jun2_60wt_25Hz_IMG_0011/early_growth_summary.json,outputs/runup_analysis/early_growth_onset/jun2_60_70_80_20260603_005140/Jun2_60wt_25Hz_IMG_0011/early_growth_metrics.csv,,0.3509360990328834,0.3573182760680705,outputs/runup_analysis/Jun2_60wt_25Hz_IMG_0011/accelerometer_gamma_metrics.csv,25.149999999999917,0.3509360990328834,7.692228993556392e-06,0.0088478493971077,6.686829233159108,1150.2321894628178,0.0679,0.20253934643976013,0.19330773997814255,0.1483967525931233,0.15762835905474087,0.15762835905474087
jun2_60wt_27Hz_runup_IMG_0012,2026-06-03T14:41:45+00:00,,accepted,,48.79556988291,0.488491951221786,0.0068037726913289,0.0067125625362196,-2.7552686711250383,12.724999999999964,1.0,60,27.0,27.14999999999991,True,40.44306343641831,0.4777556964981472,sensitive_q25,54,0.0160375587092878,56.9875,0.5047071669523576,,,accepted,0.6196806575770104,40.1909755221177,outputs/runup_analysis/early_growth_onset/manual_review_all_current_20260603/early_growth_batch_summary.csv,outputs/runup_analysis/early_growth_onset/jun2_60_70_80_20260603_005140/Jun2_60wt_27Hz_IMG_0012/early_growth_summary.json,outputs/runup_analysis/early_growth_onset/jun2_60_70_80_20260603_005140/Jun2_60wt_27Hz_IMG_0012/early_growth_metrics.csv,,0.4809187940162838,0.48584660216071934,outputs/runup_analysis/Jun2_60wt_27Hz_IMG_0012/accelerometer_gamma_metrics.csv,27.14999999999991,0.4809187940162838,7.692228993556392e-06,0.0088478493971077,6.686829233159108,1150.2321894628178,0.0679,0.22198649651666852,0.21972408406617192,0.25893229749961527,0.26119470995011185,0.26119470995011185
jun2_60wt_27Hz_runup_IMG_0013,2026-06-03T14:42:18+00:00,,accepted,,27.08549993501,0.4756792783967737,0.0057818163579447,0.0057938541829985,-3.0256622392437964,12.37499999999996,0.1133702917158887,60,27.0,27.14999999999991,True,17.58908511968695,0.4668951417905568,sensitive_q25,108,0.0165703772800255,44.509167,0.5099766486743315,,,accepted,0.8259428239055213,36.54801051609452,outputs/runup_analysis/early_growth_onset/manual_review_all_current_20260603/early_growth_batch_summary.csv,outputs/runup_analysis/early_growth_onset/jun2_60_70_80_20260603_005140/Jun2_60wt_27Hz_IMG_0013/early_growth_summary.json,outputs/runup_analysis/early_growth_onset/jun2_60_70_80_20260603_005140/Jun2_60wt_27Hz_IMG_0013/early_growth_metrics.csv,,0.46778523038073555,0.4731227877131369,outputs/runup_analysis/Jun2_60wt_27Hz_IMG_0013/accelerometer_gamma_metrics.csv,27.14999999999991,0.46778523038073555,7.692228993556392e-06,0.0088478493971077,6.686829233159108,1150.2321894628178,0.0679,0.22198649651666852,0.21972408406617192,0.24579873386406703,0.24806114631456364,0.24806114631456364
jun2_60wt_27Hz_runup_IMG_0014,2026-06-03T14:42:33+00:00,,accepted,,33.44434191975,0.4971840956699206,0.0059311783311192,0.0057531563854409,-3.114120282171064,12.52499999999996,0.9668508287292816,60,27.0,27.14999999999991,True,32.195678015589365,0.4916541120331719,sensitive_q25,128,0.0041690595532498,49.793333,0.5121163721863733,,,accepted,0.6432401814521501,67.53916726489834,outputs/runup_analysis/early_growth_onset/manual_review_all_current_20260603/early_growth_batch_summary.csv,outputs/runup_analysis/early_growth_onset/jun2_60_70_80_20260603_005140/Jun2_60wt_27Hz_IMG_0014/early_growth_summary.json,outputs/runup_analysis/early_growth_onset/jun2_60_70_80_20260603_005140/Jun2_60wt_27Hz_IMG_0014/early_growth_metrics.csv,,0.4922850798128688,0.4979884445067197,outputs/runup_analysis/Jun2_60wt_27Hz_IMG_0014/accelerometer_gamma_metrics.csv,27.14999999999991,0.4922850798128688,7.692228993556392e-06,0.0088478493971077,6.686829233159108,1150.2321894628178,0.0679,0.22198649651666852,0.21972408406617192,0.27029858329620027,0.2725609957466969,0.2725609957466969
jun2_60wt_30Hz_runup_IMG_0015,2026-06-03T14:43:03+00:00,,accepted,,40.61158190255,0.5876923809214766,0.0072723846428127,0.0076674655751164,-2.5318788854126484,13.59999999999995,0.7624309392265194,60,30.0,30.1999999999999,True,25.258993275511905,0.5631673781972278,sensitive_q25,34,0.0040579462593323,55.244167,0.6278944574712094,,,accepted,0.5291707488906354,21.783276076381213,outputs/runup_analysis/early_growth_onset/manual_review_all_current_20260603/early_growth_batch_summary.csv,outputs/runup_analysis/early_growth_onset/jun2_60_70_80_20260603_005140/Jun2_60wt_30Hz_IMG_0015/early_growth_summary.json,outputs/runup_analysis/early_growth_onset/jun2_60_70_80_20260603_005140/Jun2_60wt_30Hz_IMG_0015/early_growth_metrics.csv,,0.5823646280941873,0.5871271238118534,outputs/runup_analysis/Jun2_60wt_30Hz_IMG_0015/accelerometer_gamma_metrics.csv,30.1999999999999,0.5823646280941873,7.692228993556392e-06,0.0088478493971077,6.686829233159108,1150.2321894628178,0.0679,0.2759897205527855,0.264874609859979,0.30637490754140184,0.3174900182342083,0.3174900182342083
jun2_60wt_30Hz_runup_IMG_0016,2026-06-03T14:43:50+00:00,,accepted,,38.19472190835,0.5973682831530084,0.0050793663112298,0.0049227394318676,-2.9264740489799372,14.785012901464055,0.9502762430939228,60,30.0,30.1999999999999,False,,,none,0,,54.24125,0.6133632844075699,,,best_rejected,0.4193930744794815,139.03395163186514,outputs/runup_analysis/early_growth_onset/manual_review_all_current_20260603/early_growth_batch_summary.csv,outputs/runup_analysis/early_growth_onset/jun2_60_70_80_20260603_005140/Jun2_60wt_30Hz_IMG_0016/early_growth_summary.json,outputs/runup_analysis/early_growth_onset/jun2_60_70_80_20260603_005140/Jun2_60wt_30Hz_IMG_0016/early_growth_metrics.csv,,0.5906004703312985,0.5952401017898663,outputs/runup_analysis/Jun2_60wt_30Hz_IMG_0016/accelerometer_gamma_metrics.csv,30.1999999999999,0.5906004703312985,7.692228993556392e-06,0.0088478493971077,6.686829233159108,1150.2321894628178,0.0679,0.2759897205527855,0.264874609859979,0.314610749778513,0.32572586047131946,0.32572586047131946
jun2_60wt_30Hz_runup_IMG_0017,2026-06-03T14:43:28+00:00,,accepted,,46.98292488726,0.616194439329017,0.004641809678778,0.004523929694225,-3.6128770069123544,14.869900536965927,1.0,60,30.0,30.1999999999999,True,36.47972639798901,0.5922569854801125,sensitive_q25,54,0.0228732739480805,61.04,0.6273158057542787,,,accepted,0.4652845911557464,35.32120545761865,outputs/runup_analysis/early_growth_onset/manual_review_all_current_20260603/early_growth_batch_summary.csv,outputs/runup_analysis/early_growth_onset/jun2_60_70_80_20260603_005140/Jun2_60wt_30Hz_IMG_0017/early_growth_summary.json,outputs/runup_analysis/early_growth_onset/jun2_60_70_80_20260603_005140/Jun2_60wt_30Hz_IMG_0017/early_growth_metrics.csv,,0.6129489358824233,0.6177427552746658,outputs/runup_analysis/Jun2_60wt_30Hz_IMG_0017/accelerometer_gamma_metrics.csv,30.1999999999999,0.6129489358824233,7.692228993556392e-06,0.0088478493971077,6.686829233159108,1150.2321894628178,0.0679,0.2759897205527855,0.264874609859979,0.3369592153296378,0.34807432602244426,0.34807432602244426
jun2_70wt_15Hz_runup_IMG_0018,2026-06-03T14:45:36+00:00,,accepted,,23.36436894394,0.3088233043862959,0.0195617995775614,0.0198844029573972,-2.298633705717607,7.424999999999972,1.0,70,15.0,15.049999999999956,True,16.115608519595167,0.3096441225989666,sensitive_q25,78,0.000193432149453,32.06375,0.3116269141569325,,,accepted,0.5109688330542393,170.65987400140304,outputs/runup_analysis/early_growth_onset/manual_review_all_current_20260603/early_growth_batch_summary.csv,outputs/runup_analysis/early_growth_onset/jun2_60_70_80_20260603_005140/Jun2_70wt_15Hz_IMG_0018/early_growth_summary.json,outputs/runup_analysis/early_growth_onset/jun2_60_70_80_20260603_005140/Jun2_70wt_15Hz_IMG_0018/early_growth_metrics.csv,,0.30848169135184905,0.3104200788077628,outputs/runup_analysis/Jun2_70wt_15Hz_IMG_0018/accelerometer_gamma_metrics.csv,15.049999999999956,0.30848169135184905,1.5325840467596235e-05,0.0180568847990951,5.9412730638094216,1178.1986663160951,0.0674,0.23339867364985117,0.23199916199716264,0.07508301770199788,0.07648252935468641,0.07648252935468641
jun2_70wt_15Hz_runup_IMG_0019,2026-06-03T14:45:57+00:00,,accepted,,51.59996087617,0.303703958724553,0.0136632549010032,0.013468650116806,-3.043777816658586,7.424999999999972,0.7945272885606438,70,15.0,15.049999999999956,True,25.11011246124343,0.2779743953411727,sensitive_q25,120,0.0046961298230542,66.78625,0.3268246510924643,,,accepted,0.6262215350934505,24.403223446314676,outputs/runup_analysis/early_growth_onset/manual_review_all_current_20260603/early_growth_batch_summary.csv,outputs/runup_analysis/early_growth_onset/jun2_60_70_80_20260603_005140/Jun2_70wt_15Hz_IMG_0019/early_growth_summary.json,outputs/runup_analysis/early_growth_onset/jun2_60_70_80_20260603_005140/Jun2_70wt_15Hz_IMG_0019/early_growth_metrics.csv,,0.30261582235159146,0.3041543078917413,outputs/runup_analysis/Jun2_70wt_15Hz_IMG_0019/accelerometer_gamma_metrics.csv,15.049999999999956,0.30261582235159146,1.5325840467596235e-05,0.0180568847990951,5.9412730638094216,1178.1986663160951,0.0674,0.23339867364985117,0.23199916199716264,0.06921714870174028,0.07061666035442882,0.07061666035442882
jun2_70wt_15Hz_runup_IMG_0020,2026-06-03T14:46:23+00:00,,accepted,,34.86528891633999,0.3248380623550043,0.0153095797260407,0.0146090531022174,-2.089733164946926,6.424999999999976,0.4957497071266333,70,15.0,15.049999999999956,True,39.665833,0.3453569734031086,sensitive_q25,6,0.0,42.827917,0.3459549844459856,,,best_rejected,0.3335248823790775,21.732473386776302,outputs/runup_analysis/early_growth_onset/manual_review_all_current_20260603/early_growth_batch_summary.csv,outputs/runup_analysis/early_growth_onset/jun2_60_70_80_20260603_005140/Jun2_70wt_15Hz_IMG_0020/early_growth_summary.json,outputs/runup_analysis/early_growth_onset/jun2_60_70_80_20260603_005140/Jun2_70wt_15Hz_IMG_0020/early_growth_metrics.csv,,0.3228078384520857,0.32444555490986343,outputs/runup_analysis/Jun2_70wt_15Hz_IMG_0020/accelerometer_gamma_metrics.csv,15.049999999999956,0.3228078384520857,1.5325840467596235e-05,0.0180568847990951,5.9412730638094216,1178.1986663160951,0.0674,0.23339867364985117,0.23199916199716264,0.08940916480223454,0.09080867645492308,0.09080867645492308
may29_70wt_17Hz_runup_IMG_0006,2026-06-03T14:48:17+00:00,,accepted,,6.538022984319999,0.2030389622246467,0.0073228690006071,0.0073215961207729,-2.7147925674898006,8.466274415746474,0.8121546961325967,70,17.0,17.199999999999946,True,12.009420629699768,0.3854888372738612,median_due_to_ensemble_spread,108,0.1194249957622961,21.640833,0.4919347101425285,,,,,,outputs/runup_analysis/early_growth_onset/manual_review_all_current_20260603/early_growth_batch_summary.csv,outputs/runup_analysis/early_growth_onset/jun1_normalized_csv_20260602_081655/May29_70wt_17Hz_IMG_0006/early_growth_summary.json,outputs/runup_analysis/early_growth_onset/jun1_normalized_csv_20260602_081655/May29_70wt_17Hz_IMG_0006/early_growth_metrics.csv,,0.20208713778994272,0.20251763308058005,outputs/runup_analysis/May29_70wt_17Hz_IMG_0006/accelerometer_gamma_metrics.csv,17.199999999999946,0.20208713778994272,1.5325840467596235e-05,0.0180568847990951,5.9412730638094216,1178.1986663160951,0.0674,0.2516108317126042,0.2515324511567231,-0.049523693922661455,-0.0494453133667804,0.0494453133667804
may29_70wt_17Hz_runup_IMG_0007,2026-06-03T14:48:51+00:00,,accepted,,9.22573797787,0.3330777580945135,0.0084663300816124,0.0085022692685169,-2.4547501850782494,8.636141374250048,0.9779005524861878,70,17.0,17.199999999999946,True,13.39926972080456,0.4147035404462058,median_due_to_ensemble_spread,95,0.1112194467138539,21.1125,0.5084398201324802,,,,,,outputs/runup_analysis/early_growth_onset/manual_review_all_current_20260603/early_growth_batch_summary.csv,outputs/runup_analysis/early_growth_onset/jun1_normalized_csv_20260602_081655/May29_70wt_17Hz_IMG_0007/early_growth_summary.json,outputs/runup_analysis/early_growth_onset/jun1_normalized_csv_20260602_081655/May29_70wt_17Hz_IMG_0007/early_growth_metrics.csv,,0.3302201614642279,0.33124958505252455,outputs/runup_analysis/May29_70wt_17Hz_IMG_0007/accelerometer_gamma_metrics.csv,17.199999999999946,0.3302201614642279,1.5325840467596235e-05,0.0180568847990951,5.9412730638094216,1178.1986663160951,0.0674,0.2516108317126042,0.2515324511567231,0.07860932975162371,0.07868771030750477,0.07868771030750477
may29_70wt_17Hz_runup_IMG_0009,2026-06-03T14:50:18+00:00,,accepted,,17.34722095837,0.394799948946554,0.0095521074518327,0.0095885237135975,-2.3338949400649653,8.399999999999968,0.9668508287292816,70,17.0,17.199999999999946,True,17.859999530901476,0.3999539787208212,median_due_to_ensemble_spread,108,0.1241470841342226,25.1025,0.528091463374948,,,,,,outputs/runup_analysis/early_growth_onset/manual_review_all_current_20260603/early_growth_batch_summary.csv,outputs/runup_analysis/early_growth_onset/jun1_normalized_csv_20260602_081655/May29_70wt_17Hz_IMG_0009/early_growth_summary.json,outputs/runup_analysis/early_growth_onset/jun1_normalized_csv_20260602_081655/May29_70wt_17Hz_IMG_0009/early_growth_metrics.csv,,0.3960820962108719,0.3979547868611756,outputs/runup_analysis/May29_70wt_17Hz_IMG_0009/accelerometer_gamma_metrics.csv,17.199999999999946,0.3960820962108719,1.5325840467596235e-05,0.0180568847990951,5.9412730638094216,1178.1986663160951,0.0674,0.2516108317126042,0.2515324511567231,0.14447126449826775,0.1445496450541488,0.1445496450541488
may29_70wt_20Hz_runup_IMG_0011,2026-06-03T14:50:37+00:00,,accepted,,18.158358386978104,0.3861542464279222,0.0123444876209816,0.0123635677762496,-2.055532159814382,8.699999999999967,0.0386740331491712,70,20.0,20.399999999999935,True,18.158358386978104,0.3854590948746862,median_due_to_ensemble_spread,108,0.0845867932146201,33.307917,0.4699821652439224,,,,,,outputs/runup_analysis/early_growth_onset/manual_review_all_current_20260603/early_growth_batch_summary.csv,outputs/runup_analysis/early_growth_onset/jun1_normalized_csv_20260602_081655/May29_70wt_20Hz_IMG_0011/early_growth_summary.json,outputs/runup_analysis/early_growth_onset/jun1_normalized_csv_20260602_081655/May29_70wt_20Hz_IMG_0011/early_growth_metrics.csv,,0.3617577989893338,0.38664869056076145,outputs/runup_analysis/May29_70wt_20Hz_IMG_0011/accelerometer_gamma_metrics.csv,20.399999999999935,0.3617577989893338,1.5325840467596235e-05,0.0180568847990951,5.9412730638094216,1178.1986663160951,0.0674,0.30027644252499336,0.29706725272510937,0.06148135646434044,0.06469054626422444,0.06469054626422444
may29_70wt_20Hz_runup_IMG_0013,2026-06-03T14:50:49+00:00,,accepted,,29.4143928931446,0.4402664521574062,0.0102524767062979,0.0100209173340223,-2.3388472553622184,8.699999999999967,0.2527383756553398,70,20.0,20.399999999999935,True,29.4143928931446,0.4396534171132831,sensitive_q25,108,0.0392663255974816,35.79625,0.5049718464656509,,,,,,outputs/runup_analysis/early_growth_onset/manual_review_all_current_20260603/early_growth_batch_summary.csv,outputs/runup_analysis/early_growth_onset/jun1_normalized_csv_20260602_081655/May29_70wt_20Hz_IMG_0013/early_growth_summary.json,outputs/runup_analysis/early_growth_onset/jun1_normalized_csv_20260602_081655/May29_70wt_20Hz_IMG_0013/early_growth_metrics.csv,,0.40554645548176094,0.44084292609297826,outputs/runup_analysis/May29_70wt_20Hz_IMG_0013/accelerometer_gamma_metrics.csv,20.399999999999935,0.40554645548176094,1.5325840467596235e-05,0.0180568847990951,5.9412730638094216,1178.1986663160951,0.0674,0.30027644252499336,0.29706725272510937,0.10527001295676758,0.10847920275665157,0.10847920275665157
may29_70wt_20Hz_runup_IMG_0014,2026-06-03T14:51:02+00:00,,accepted,,14.02612196634,0.4017930076063892,0.0115871712050506,0.0114503404062276,-2.232357982142544,10.149999999999988,0.8340843888378441,70,20.0,20.399999999999935,True,14.366632247058805,0.4134021880788112,sensitive_q25,144,0.0595070928704237,19.785,0.5007791519492454,,,,,,outputs/runup_analysis/early_growth_onset/manual_review_all_current_20260603/early_growth_batch_summary.csv,outputs/runup_analysis/early_growth_onset/jun1_normalized_csv_20260602_081655/May29_70wt_20Hz_IMG_0014/early_growth_summary.json,outputs/runup_analysis/early_growth_onset/jun1_normalized_csv_20260602_081655/May29_70wt_20Hz_IMG_0014/early_growth_metrics.csv,,0.3732230440924401,0.4032189768744127,outputs/runup_analysis/May29_70wt_20Hz_IMG_0014/accelerometer_gamma_metrics.csv,20.399999999999935,0.3732230440924401,1.5325840467596235e-05,0.0180568847990951,5.9412730638094216,1178.1986663160951,0.0674,0.30027644252499336,0.29706725272510937,0.07294660156744676,0.07615579136733075,0.07615579136733075
may29_70wt_20Hz_runup_IMG_0015,2026-06-03T14:51:32+00:00,,accepted,,19.14319795406,0.4285088428532871,0.0137370980209899,0.0140044266785778,-2.2506159142072986,8.699999999999967,0.0,70,20.0,20.399999999999935,True,20.276864902357715,0.4524096562471027,sensitive_q25,108,0.0102701855518841,25.830833,0.4863610009113854,,,,,,outputs/runup_analysis/early_growth_onset/manual_review_all_current_20260603/early_growth_batch_summary.csv,outputs/runup_analysis/early_growth_onset/jun1_normalized_csv_20260602_081655/May29_70wt_20Hz_IMG_0015/early_growth_summary.json,outputs/runup_analysis/early_growth_onset/jun1_normalized_csv_20260602_081655/May29_70wt_20Hz_IMG_0015/early_growth_metrics.csv,,0.396760517682149,0.4289370241092569,outputs/runup_analysis/May29_70wt_20Hz_IMG_0015/accelerometer_gamma_metrics.csv,20.399999999999935,0.396760517682149,1.5325840467596235e-05,0.0180568847990951,5.9412730638094216,1178.1986663160951,0.0674,0.30027644252499336,0.29706725272510937,0.09648407515715562,0.09969326495703962,0.09969326495703962
jun2_70wt_22Hz_runup_IMG_0021,2026-06-03T14:51:56+00:00,,accepted,,1.566791996249999,0.4547175154363407,0.0070174793066276,0.0068778704063142,-3.175432807542316,10.874999999999982,0.9145310314401351,70,22.0,22.149999999999928,True,6.632540855163699,0.5116013069116423,sensitive_q25,108,0.0046545508617678,19.1775,0.5524438256238664,,,accepted,0.9238833865653734,30.965658537100897,outputs/runup_analysis/early_growth_onset/manual_review_all_current_20260603/early_growth_batch_summary.csv,outputs/runup_analysis/early_growth_onset/jun2_60_70_80_20260603_005140/Jun2_70wt_22Hz_IMG_0021/early_growth_summary.json,outputs/runup_analysis/early_growth_onset/jun2_60_70_80_20260603_005140/Jun2_70wt_22Hz_IMG_0021/early_growth_metrics.csv,,0.4435683237692192,0.45745255860674716,outputs/runup_analysis/Jun2_70wt_22Hz_IMG_0021/accelerometer_gamma_metrics.csv,22.149999999999928,0.4435683237692192,1.5325840467596235e-05,0.0180568847990951,5.9412730638094216,1178.1986663160951,0.0674,0.32965228326188317,0.32965616133669684,0.113916040507336,0.11391216243252233,0.11391216243252233
jun2_70wt_22Hz_runup_IMG_0022,2026-06-03T14:52:22+00:00,,accepted,,28.30226393208,0.5578247985223583,0.0072707845544812,0.0072777268318849,-3.557550462911524,9.574999999999964,0.0,70,22.0,22.149999999999928,True,30.718994117909094,0.574918847007676,sensitive_q25,108,0.0098491074465841,34.726667,0.5877677264164289,,,accepted,0.540813247531938,105.763454896432,outputs/runup_analysis/early_growth_onset/manual_review_all_current_20260603/early_growth_batch_summary.csv,outputs/runup_analysis/early_growth_onset/jun2_60_70_80_20260603_005140/Jun2_70wt_22Hz_IMG_0022/early_growth_summary.json,outputs/runup_analysis/early_growth_onset/jun2_60_70_80_20260603_005140/Jun2_70wt_22Hz_IMG_0022/early_growth_metrics.csv,,0.5421817135693944,0.557369296148269,outputs/runup_analysis/Jun2_70wt_22Hz_IMG_0022/accelerometer_gamma_metrics.csv,22.149999999999928,0.5421817135693944,1.5325840467596235e-05,0.0180568847990951,5.9412730638094216,1178.1986663160951,0.0674,0.32965228326188317,0.32965616133669684,0.2125294303075112,0.21252555223269753,0.21252555223269753
jun2_70wt_22Hz_runup_IMG_0023,2026-06-03T14:52:42+00:00,,accepted,,14.86785596432,0.5368170040107841,0.0072536514563259,0.0074813048616658,-3.1532793345843992,9.574999999999964,0.0,70,22.0,22.149999999999928,True,21.226575699312495,0.5588296685496669,sensitive_q25,96,0.0135317154426446,32.966667,0.5885344783026685,,,accepted,0.7446000783387873,41.0511662190633,outputs/runup_analysis/early_growth_onset/manual_review_all_current_20260603/early_growth_batch_summary.csv,outputs/runup_analysis/early_growth_onset/jun2_60_70_80_20260603_005140/Jun2_70wt_22Hz_IMG_0023/early_growth_summary.json,outputs/runup_analysis/early_growth_onset/jun2_60_70_80_20260603_005140/Jun2_70wt_22Hz_IMG_0023/early_growth_metrics.csv,,0.5236029132441924,0.5386532043872485,outputs/runup_analysis/Jun2_70wt_22Hz_IMG_0023/accelerometer_gamma_metrics.csv,22.149999999999928,0.5236029132441924,1.5325840467596235e-05,0.0180568847990951,5.9412730638094216,1178.1986663160951,0.0674,0.32965228326188317,0.32965616133669684,0.19395062998230922,0.19394675190749555,0.19394675190749555
may29_70wt_22Hz_runup_IMG_0016,2026-06-03T14:53:09+00:00,,accepted,,34.31941191764,0.5808532420452027,0.00799801,0.0079866135721385,-2.678188060133593,10.757942376289828,0.5699383841204251,70,22.0,22.29999999999993,True,35.25458034191866,0.5868061836536871,sensitive_q25,126,0.0251938059734934,39.549167,0.6292658160383047,,,,,,outputs/runup_analysis/early_growth_onset/manual_review_all_current_20260603/early_growth_batch_summary.csv,outputs/runup_analysis/early_growth_onset/jun1_normalized_csv_20260602_081655/May29_70wt_22Hz_IMG_0016/early_growth_summary.json,outputs/runup_analysis/early_growth_onset/jun1_normalized_csv_20260602_081655/May29_70wt_22Hz_IMG_0016/early_growth_metrics.csv,,0.5532093583582184,0.5827926112267476,outputs/runup_analysis/May29_70wt_22Hz_IMG_0016/accelerometer_gamma_metrics.csv,22.29999999999993,0.5532093583582184,1.5325840467596235e-05,0.0180568847990951,5.9412730638094216,1178.1986663160951,0.0674,0.3329612794549691,0.33268343414111706,0.22024807890324927,0.22052592421710132,0.22052592421710132
may29_70wt_22Hz_runup_IMG_0018,2026-06-03T14:53:23+00:00,,accepted,,25.781665425820517,0.5764650846843363,0.0103457882521787,0.0103633874295044,-2.466611505843099,9.649999999999965,0.5149158354454506,70,22.0,22.29999999999993,True,25.781665425820517,0.574707233278066,sensitive_q25,108,0.0145714994071183,28.864167,0.6120613139347765,,,,,,outputs/runup_analysis/early_growth_onset/manual_review_all_current_20260603/early_growth_batch_summary.csv,outputs/runup_analysis/early_growth_onset/jun1_normalized_csv_20260602_081655/May29_70wt_22Hz_IMG_0018/early_growth_summary.json,outputs/runup_analysis/early_growth_onset/jun1_normalized_csv_20260602_081655/May29_70wt_22Hz_IMG_0018/early_growth_metrics.csv,,0.5484066277132416,0.5771687776001386,outputs/runup_analysis/May29_70wt_22Hz_IMG_0018/accelerometer_gamma_metrics.csv,22.29999999999993,0.5484066277132416,1.5325840467596235e-05,0.0180568847990951,5.9412730638094216,1178.1986663160951,0.0674,0.3329612794549691,0.33268343414111706,0.21544534825827244,0.2157231935721245,0.2157231935721245
may29_70wt_22Hz_runup_IMG_0019,2026-06-03T14:53:37+00:00,,accepted,,19.35988195354,0.5422730184577471,0.0092498894168045,0.0091488755565736,-2.6726975534574753,9.649999999999965,0.0,70,22.0,22.29999999999993,True,20.08090097581141,0.5434923817871509,sensitive_q25,108,0.0120462184721604,25.173333,0.5878200314084017,,,,,,outputs/runup_analysis/early_growth_onset/manual_review_all_current_20260603/early_growth_batch_summary.csv,outputs/runup_analysis/early_growth_onset/jun1_normalized_csv_20260602_081655/May29_70wt_22Hz_IMG_0019/early_growth_summary.json,outputs/runup_analysis/early_growth_onset/jun1_normalized_csv_20260602_081655/May29_70wt_22Hz_IMG_0019/early_growth_metrics.csv,,0.5167449206016469,0.5450674607320374,outputs/runup_analysis/May29_70wt_22Hz_IMG_0019/accelerometer_gamma_metrics.csv,22.29999999999993,0.5167449206016469,1.5325840467596235e-05,0.0180568847990951,5.9412730638094216,1178.1986663160951,0.0674,0.3329612794549691,0.33268343414111706,0.18378364114667778,0.18406148646052983,0.18406148646052983
may29_70wt_22Hz_runup_IMG_0020,2026-06-03T14:53:55+00:00,,accepted,,14.77201496456,0.5645325185737889,0.0093438342567817,0.009409513711958,-2.641623867453897,10.19999999999997,0.3325059492168783,70,22.0,22.29999999999993,True,15.451802572465043,0.577778983437269,sensitive_q25,108,0.0197355217469343,18.282917,0.620617732566097,,,,,,outputs/runup_analysis/early_growth_onset/manual_review_all_current_20260603/early_growth_batch_summary.csv,outputs/runup_analysis/early_growth_onset/jun1_normalized_csv_20260602_081655/May29_70wt_22Hz_IMG_0020/early_growth_summary.json,outputs/runup_analysis/early_growth_onset/jun1_normalized_csv_20260602_081655/May29_70wt_22Hz_IMG_0020/early_growth_metrics.csv,,0.5367760608274642,0.566289042867534,outputs/runup_analysis/May29_70wt_22Hz_IMG_0020/accelerometer_gamma_metrics.csv,22.29999999999993,0.5367760608274642,1.5325840467596235e-05,0.0180568847990951,5.9412730638094216,1178.1986663160951,0.0674,0.3329612794549691,0.33268343414111706,0.2038147813724951,0.20409262668634714,0.20409262668634714
jun2_70wt_25Hz_runup_IMG_0025,2026-06-03T14:55:09+00:00,,accepted,,7.61310898173,0.5253411421617168,0.0077351839551086,0.0078402977040965,-3.5317491169339466,12.52499999999998,0.7955801104972375,70,25.0,25.149999999999917,True,13.508624785667772,0.5946140027841972,sensitive_q25,126,0.0257264453887424,33.757083,0.6791963100687891,,,accepted,0.8995444053796791,17.87173727069498,outputs/runup_analysis/early_growth_onset/manual_review_all_current_20260603/early_growth_batch_summary.csv,outputs/runup_analysis/early_growth_onset/jun2_60_70_80_20260603_005140/Jun2_70wt_25Hz_IMG_0025/early_growth_summary.json,outputs/runup_analysis/early_growth_onset/jun2_60_70_80_20260603_005140/Jun2_70wt_25Hz_IMG_0025/early_growth_metrics.csv,,0.5238986049689478,0.5276571270167558,outputs/runup_analysis/Jun2_70wt_25Hz_IMG_0025/accelerometer_gamma_metrics.csv,25.149999999999917,0.5238986049689478,1.5325840467596235e-05,0.0180568847990951,5.9412730638094216,1178.1986663160951,0.0674,0.39828881189030557,0.39676762179975356,0.12560979307864223,0.12713098316919424,0.12713098316919424
jun2_70wt_25Hz_runup_IMG_0026,2026-06-03T14:55:46+00:00,,accepted,,5.19208198754,0.6554204260526041,0.0084276153827377,0.0083578763836701,-3.1864193267221848,12.335019347972134,0.9558011049723756,70,25.0,25.149999999999917,True,20.055527714231605,0.6797957471652414,sensitive_q25,216,0.008636118994946,28.868333,0.6886274754697345,,,accepted,0.5622947002536969,72.39784902175454,outputs/runup_analysis/early_growth_onset/manual_review_all_current_20260603/early_growth_batch_summary.csv,outputs/runup_analysis/early_growth_onset/jun2_60_70_80_20260603_005140/Jun2_70wt_25Hz_IMG_0026/early_growth_summary.json,outputs/runup_analysis/early_growth_onset/jun2_60_70_80_20260603_005140/Jun2_70wt_25Hz_IMG_0026/early_growth_metrics.csv,,0.6543209134157858,0.6588236390247653,outputs/runup_analysis/Jun2_70wt_25Hz_IMG_0026/accelerometer_gamma_metrics.csv,25.149999999999917,0.6543209134157858,1.5325840467596235e-05,0.0180568847990951,5.9412730638094216,1178.1986663160951,0.0674,0.39828881189030557,0.39676762179975356,0.2560321015254802,0.25755329161603224,0.25755329161603224
may29_70wt_25Hz_runup_IMG_0021,2026-06-03T14:55:58+00:00,,accepted,,18.906771601597065,0.6752300806152602,0.0094540684945375,0.0094689535779878,-2.781479235824764,11.19999999999996,0.0,70,25.0,25.19999999999992,True,18.906771601597065,0.6742864343483969,sensitive_q25,108,0.0439934041531643,23.629583,0.7330120666987179,,,,,,outputs/runup_analysis/early_growth_onset/manual_review_all_current_20260603/early_growth_batch_summary.csv,outputs/runup_analysis/early_growth_onset/jun1_normalized_csv_20260602_081655/May29_70wt_25Hz_IMG_0021/early_growth_summary.json,outputs/runup_analysis/early_growth_onset/jun1_normalized_csv_20260602_081655/May29_70wt_25Hz_IMG_0021/early_growth_metrics.csv,,0.6712269973503371,0.6797991913476601,outputs/runup_analysis/May29_70wt_25Hz_IMG_0021/accelerometer_gamma_metrics.csv,25.19999999999992,0.6712269973503371,1.5325840467596235e-05,0.0180568847990951,5.9412730638094216,1178.1986663160951,0.0674,0.39852902161895076,0.3979959785492687,0.2726979757313863,0.27323101880106837,0.27323101880106837
may29_70wt_25Hz_runup_IMG_0022,2026-06-03T14:56:44+00:00,,accepted,,13.83443996681,0.6657953546635541,0.0094935840747399,0.0094184240210525,-2.734017244040748,12.449999999999978,0.7631734652697423,70,25.0,25.19999999999992,False,,,none,0,,18.382917,0.7150260726175701,,,,,,outputs/runup_analysis/early_growth_onset/manual_review_all_current_20260603/early_growth_batch_summary.csv,outputs/runup_analysis/early_growth_onset/jun1_normalized_csv_20260602_081655/May29_70wt_25Hz_IMG_0022/early_growth_summary.json,outputs/runup_analysis/early_growth_onset/jun1_normalized_csv_20260602_081655/May29_70wt_25Hz_IMG_0022/early_growth_metrics.csv,,0.656914930987387,0.6653675186102719,outputs/runup_analysis/May29_70wt_25Hz_IMG_0022/accelerometer_gamma_metrics.csv,25.19999999999992,0.656914930987387,1.5325840467596235e-05,0.0180568847990951,5.9412730638094216,1178.1986663160951,0.0674,0.39852902161895076,0.3979959785492687,0.2583859093684362,0.25891895243811824,0.25891895243811824
may29_70wt_25Hz_runup_IMG_0023,2026-06-03T14:56:20+00:00,,accepted,,18.29312995611,0.6585238673884403,0.0132652361064109,0.0132258588471919,-2.639072991039321,12.199999999999974,0.8975201843874582,70,25.0,25.19999999999992,True,19.477166151226772,0.6759847199257242,sensitive_q25,108,0.0138856540144629,23.65875,0.7076406339247112,,,,,,outputs/runup_analysis/early_growth_onset/manual_review_all_current_20260603/early_growth_batch_summary.csv,outputs/runup_analysis/early_growth_onset/jun1_normalized_csv_20260602_081655/May29_70wt_25Hz_IMG_0023/early_growth_summary.json,outputs/runup_analysis/early_growth_onset/jun1_normalized_csv_20260602_081655/May29_70wt_25Hz_IMG_0023/early_growth_metrics.csv,,0.6530103107439332,0.661540228703573,outputs/runup_analysis/May29_70wt_25Hz_IMG_0023/accelerometer_gamma_metrics.csv,25.19999999999992,0.6530103107439332,1.5325840467596235e-05,0.0180568847990951,5.9412730638094216,1178.1986663160951,0.0674,0.39852902161895076,0.3979959785492687,0.25448128912498247,0.2550143321946645,0.2550143321946645
may29_70wt_25Hz_runup_IMG_0024,2026-06-03T14:57:00+00:00,,accepted,,10.22581797547,0.6334189114088237,0.0133037398599038,0.0132464027166537,-2.653693288744987,11.09999999999996,0.0,70,25.0,25.19999999999992,False,,,none,0,,18.699167,0.6596932898197428,,,,,,outputs/runup_analysis/early_growth_onset/manual_review_all_current_20260603/early_growth_batch_summary.csv,outputs/runup_analysis/early_growth_onset/jun1_normalized_csv_20260602_081655/May29_70wt_25Hz_IMG_0024/early_growth_summary.json,outputs/runup_analysis/early_growth_onset/jun1_normalized_csv_20260602_081655/May29_70wt_25Hz_IMG_0024/early_growth_metrics.csv,,0.6231231078317807,0.6315089520940667,outputs/runup_analysis/May29_70wt_25Hz_IMG_0024/accelerometer_gamma_metrics.csv,25.19999999999992,0.6231231078317807,1.5325840467596235e-05,0.0180568847990951,5.9412730638094216,1178.1986663160951,0.0674,0.39852902161895076,0.3979959785492687,0.22459408621282995,0.225127129282512,0.225127129282512
may29_70wt_27Hz_runup_IMG_0001-2,2026-06-03T14:57:23+00:00,,accepted,,30.18574792756,0.8148392823114947,0.0393079474689386,0.0377741202607892,-1.7183536473069272,12.47499999999996,0.43646408839779,70,27.0,27.24999999999991,True,31.74945527140633,0.8433782736950247,sensitive_q25,156,0.000174487842761,32.355,0.8405192312584392,,,,,,outputs/runup_analysis/early_growth_onset/manual_review_all_current_20260603/early_growth_batch_summary.csv,outputs/runup_analysis/early_growth_onset/jun1_normalized_csv_20260602_081655/May29_70wt_27Hz_IMG_0001-2/early_growth_summary.json,outputs/runup_analysis/early_growth_onset/jun1_normalized_csv_20260602_081655/May29_70wt_27Hz_IMG_0001-2/early_growth_metrics.csv,,0.8073840450061386,0.8117510977994924,outputs/runup_analysis/May29_70wt_27Hz_IMG_0001-2/accelerometer_gamma_metrics.csv,27.24999999999991,0.8073840450061386,1.5325840467596235e-05,0.0180568847990951,5.9412730638094216,1178.1986663160951,0.0674,0.45158466323625784,0.4512892323378804,0.35579938176988074,0.3560948126682582,0.3560948126682582
may29_70wt_27Hz_runup_IMG_0002,2026-06-03T14:57:36+00:00,,accepted,,24.55613094108,0.7833085542053078,0.0066212845150625,0.0067599998025995,-2.490059546474037,12.941427392848553,0.6390687963703223,70,27.0,27.24999999999991,True,25.551808058129772,0.8048479201666592,sensitive_q25,98,0.0161301606499929,28.235833,0.8507664655989113,,,,,,outputs/runup_analysis/early_growth_onset/manual_review_all_current_20260603/early_growth_batch_summary.csv,outputs/runup_analysis/early_growth_onset/jun1_normalized_csv_20260602_081655/May29_70wt_27Hz_IMG_0002/early_growth_summary.json,outputs/runup_analysis/early_growth_onset/jun1_normalized_csv_20260602_081655/May29_70wt_27Hz_IMG_0002/early_growth_metrics.csv,,0.7773242946499572,0.781448322452126,outputs/runup_analysis/May29_70wt_27Hz_IMG_0002/accelerometer_gamma_metrics.csv,27.24999999999991,0.7773242946499572,1.5325840467596235e-05,0.0180568847990951,5.9412730638094216,1178.1986663160951,0.0674,0.45158466323625784,0.4512892323378804,0.3257396314136994,0.32603506231207685,0.32603506231207685
may29_70wt_27Hz_runup_IMG_0003,2026-06-03T14:57:49+00:00,,accepted,,23.892751393321745,0.8066110737495374,0.0098318315051148,0.0107646071929871,-2.184950284582084,12.274999999999958,0.1988950276243093,70,27.0,27.24999999999991,True,23.892751393321745,0.8066110737495374,median_due_to_ensemble_spread,110,0.0966954005829887,27.67,0.8151787345923394,,,,,,outputs/runup_analysis/early_growth_onset/manual_review_all_current_20260603/early_growth_batch_summary.csv,outputs/runup_analysis/early_growth_onset/jun1_normalized_csv_20260602_081655/May29_70wt_27Hz_IMG_0003/early_growth_summary.json,outputs/runup_analysis/early_growth_onset/jun1_normalized_csv_20260602_081655/May29_70wt_27Hz_IMG_0003/early_growth_metrics.csv,,0.8065109263280915,0.81088852493798,outputs/runup_analysis/May29_70wt_27Hz_IMG_0003/accelerometer_gamma_metrics.csv,27.24999999999991,0.8065109263280915,1.5325840467596235e-05,0.0180568847990951,5.9412730638094216,1178.1986663160951,0.0674,0.45158466323625784,0.4512892323378804,0.35492626309183367,0.35522169399021114,0.35522169399021114
may29_70wt_27Hz_runup_IMG_0027,2026-06-03T14:57:58+00:00,,accepted,,27.010006867578152,0.8074471805777833,0.0155235092251059,0.0155852259634302,-2.65447464971137,13.574999999999976,0.7370259452103309,70,27.0,27.24999999999991,True,27.010006867578152,0.8040569359000136,sensitive_q25,72,0.0052535729123621,32.296667,0.8177524406090093,,,,,,outputs/runup_analysis/early_growth_onset/manual_review_all_current_20260603/early_growth_batch_summary.csv,outputs/runup_analysis/early_growth_onset/jun1_normalized_csv_20260602_081655/May29_70wt_27Hz_IMG_0027/early_growth_summary.json,outputs/runup_analysis/early_growth_onset/jun1_normalized_csv_20260602_081655/May29_70wt_27Hz_IMG_0027/early_growth_metrics.csv,,0.7994634897029809,0.803602494605377,outputs/runup_analysis/May29_70wt_27Hz_IMG_0027/accelerometer_gamma_metrics.csv,27.24999999999991,0.7994634897029809,1.5325840467596235e-05,0.0180568847990951,5.9412730638094216,1178.1986663160951,0.0674,0.45158466323625784,0.4512892323378804,0.347878826466723,0.3481742573651005,0.3481742573651005
jun2_70wt_30Hz_runup_IMG_0001,2026-06-03T14:58:34+00:00,,accepted,,18.930855008432253,0.9545581408427256,0.0060881250375729,0.0061201809048498,-3.0045452831089885,15.324999999999974,0.2651933701657458,70,30.0,30.2499999999999,True,18.930855008432253,0.9545581408427256,sensitive_q25,132,0.002590608245969,26.080417,0.9671293804589204,,,accepted,0.8518901195868236,144.7084124981023,outputs/runup_analysis/early_growth_onset/manual_review_all_current_20260603/early_growth_batch_summary.csv,outputs/runup_analysis/early_growth_onset/jun2_60_70_80_20260603_005140/Jun2_70wt_30Hz_IMG_0001/early_growth_summary.json,outputs/runup_analysis/early_growth_onset/jun2_60_70_80_20260603_005140/Jun2_70wt_30Hz_IMG_0001/early_growth_metrics.csv,,0.9489986884371392,0.9520178329048318,outputs/runup_analysis/Jun2_70wt_30Hz_IMG_0001/accelerometer_gamma_metrics.csv,30.2499999999999,0.9489986884371392,1.5325840467596235e-05,0.0180568847990951,5.9412730638094216,1178.1986663160951,0.0674,0.5388126333732118,0.5386287606086181,0.41018605506392736,0.4103699278285211,0.4103699278285211
jun2_70wt_30Hz_runup_IMG_0002,2026-06-03T15:00:35+00:00,,accepted,,17.05969795906,0.9500782617982148,0.0072594150964671,0.0073570372755077,-3.1495162325645327,13.62499999999995,0.2211468948473064,70,30.0,30.2499999999999,False,,,none,0,,24.357917,0.9558416436091288,,,none,,,outputs/runup_analysis/early_growth_onset/manual_review_all_current_20260603/early_growth_batch_summary.csv,outputs/runup_analysis/early_growth_onset/jun2_60_70_80_20260603_005140/Jun2_70wt_30Hz_IMG_0002/early_growth_summary.json,outputs/runup_analysis/early_growth_onset/jun2_60_70_80_20260603_005140/Jun2_70wt_30Hz_IMG_0002/early_growth_metrics.csv,,0.9478168124690536,0.9511151573851903,outputs/runup_analysis/Jun2_70wt_30Hz_IMG_0002/accelerometer_gamma_metrics.csv,30.2499999999999,0.9478168124690536,1.5325840467596235e-05,0.0180568847990951,5.9412730638094216,1178.1986663160951,0.0674,0.5388126333732118,0.5386287606086181,0.40900417909584175,0.4091880518604355,0.4091880518604355
jun2_70wt_30Hz_runup_IMG_0027,2026-06-03T14:58:58+00:00,,accepted,,35.86120191394,0.9048197275117082,0.0066138059194597,0.0065351794364008,-3.649212912121046,14.574999999999964,0.2983425414364641,70,30.0,30.2499999999999,True,9.249583,0.7971611977014522,sensitive_q25,20,0.000700766903727,53.592083,0.936738797180486,,,best_rejected,0.2493754780528551,6.114205680048066,outputs/runup_analysis/early_growth_onset/manual_review_all_current_20260603/early_growth_batch_summary.csv,outputs/runup_analysis/early_growth_onset/jun2_60_70_80_20260603_005140/Jun2_70wt_30Hz_IMG_0027/early_growth_summary.json,outputs/runup_analysis/early_growth_onset/jun2_60_70_80_20260603_005140/Jun2_70wt_30Hz_IMG_0027/early_growth_metrics.csv,,0.8991404482210136,0.9020878095907331,outputs/runup_analysis/Jun2_70wt_30Hz_IMG_0027/accelerometer_gamma_metrics.csv,30.2499999999999,0.8991404482210136,1.5325840467596235e-05,0.0180568847990951,5.9412730638094216,1178.1986663160951,0.0674,0.5388126333732118,0.5386287606086181,0.36032781484780174,0.3605116876123955,0.3605116876123955
may29_70wt_30Hz_runup_IMG_0005,2026-06-03T14:59:16+00:00,,accepted,,30.27325492736,1.005210511530832,0.018203747006292,0.0163645950305685,-2.0503858171395413,15.1040298262123,1.0,70,30.0,30.4499999999999,True,31.172105718531423,1.0177363730116131,sensitive_q25,6,0.0,32.325833,1.024746133475564,,,,,,outputs/runup_analysis/early_growth_onset/manual_review_all_current_20260603/early_growth_batch_summary.csv,outputs/runup_analysis/early_growth_onset/jun1_normalized_csv_20260602_081655/May29_70wt_30Hz_IMG_0005/early_growth_summary.json,outputs/runup_analysis/early_growth_onset/jun1_normalized_csv_20260602_081655/May29_70wt_30Hz_IMG_0005/early_growth_metrics.csv,,1.0034892176978054,1.005375654574657,outputs/runup_analysis/May29_70wt_30Hz_IMG_0005/accelerometer_gamma_metrics.csv,30.4499999999999,1.0034892176978054,1.5325840467596235e-05,0.0180568847990951,5.9412730638094216,1178.1986663160951,0.0674,0.5451197174825563,0.5448207472120763,0.45836950021524914,0.4586684704857291,0.4586684704857291
may29_70wt_30Hz_runup_IMG_0007,2026-06-03T15:00:49+00:00,,accepted,,15.2553869634,1.0186770549818835,0.0528665371852162,0.0561487393991105,-1.542468843341914,15.285716021118306,0.9303471811536832,70,30.0,30.4499999999999,False,,,none,0,,17.85,1.01520749338124,,,,,,outputs/runup_analysis/early_growth_onset/manual_review_all_current_20260603/early_growth_batch_summary.csv,outputs/runup_analysis/early_growth_onset/jun1_normalized_csv_20260602_081655/May29_70wt_30Hz_IMG_0007/early_growth_summary.json,outputs/runup_analysis/early_growth_onset/jun1_normalized_csv_20260602_081655/May29_70wt_30Hz_IMG_0007/early_growth_metrics.csv,,1.0164109095378786,1.0183585576884906,outputs/runup_analysis/May29_70wt_30Hz_IMG_0007/accelerometer_gamma_metrics.csv,30.4499999999999,1.0164109095378786,1.5325840467596235e-05,0.0180568847990951,5.9412730638094216,1178.1986663160951,0.0674,0.5451197174825563,0.5448207472120763,0.4712911920553223,0.4715901623258023,0.4715901623258023
may29_70wt_30Hz_runup_IMG_0008,2026-06-03T14:59:33+00:00,,accepted,,28.11474893253,0.9781643551493356,0.0238676557692922,0.023842531397654,-1.7896299152924229,15.17499999999997,1.0,70,30.0,30.4499999999999,True,30.00172575213698,0.9836352859068398,sensitive_q25,108,0.0047125499025194,31.069167,0.9922629005489996,,,,,,outputs/runup_analysis/early_growth_onset/manual_review_all_current_20260603/early_growth_batch_summary.csv,outputs/runup_analysis/early_growth_onset/jun1_normalized_csv_20260602_081655/May29_70wt_30Hz_IMG_0008/early_growth_summary.json,outputs/runup_analysis/early_growth_onset/jun1_normalized_csv_20260602_081655/May29_70wt_30Hz_IMG_0008/early_growth_metrics.csv,,0.9761636368116325,0.978090721031106,outputs/runup_analysis/May29_70wt_30Hz_IMG_0008/accelerometer_gamma_metrics.csv,30.4499999999999,0.9761636368116325,1.5325840467596235e-05,0.0180568847990951,5.9412730638094216,1178.1986663160951,0.0674,0.5451197174825563,0.5448207472120763,0.43104391932907626,0.43134288959955625,0.43134288959955625
may29_70wt_30Hz_runup_IMG_0009,2026-06-03T15:00:15+00:00,,accepted,,17.79308995731,0.9301596243818367,0.0285512678698192,0.0373104708531518,-1.5880875955058642,14.674999999999963,0.6740331491712708,70,30.0,30.4499999999999,True,5.998878898057694,0.413318409425392,median_due_to_ensemble_spread,55,0.4709680134359097,28.655833,1.0109043745130906,,,,,,outputs/runup_analysis/early_growth_onset/manual_review_all_current_20260603/early_growth_batch_summary.csv,outputs/runup_analysis/early_growth_onset/jun1_normalized_csv_20260602_081655/May29_70wt_30Hz_IMG_0009/early_growth_summary.json,outputs/runup_analysis/early_growth_onset/jun1_normalized_csv_20260602_081655/May29_70wt_30Hz_IMG_0009/early_growth_metrics.csv,,0.9281393422713392,0.9300200987483156,outputs/runup_analysis/May29_70wt_30Hz_IMG_0009/accelerometer_gamma_metrics.csv,30.4499999999999,0.9281393422713392,1.5325840467596235e-05,0.0180568847990951,5.9412730638094216,1178.1986663160951,0.0674,0.5451197174825563,0.5448207472120763,0.38301962478878293,0.3833185950592629,0.3833185950592629
may27_80wt_15Hz_runup_IMG_0012,2026-06-03T13:20:47+00:00,,accepted,Log graph underestimated,14.36781596553,0.635257956161761,0.010455128951659,0.0100745381672129,-2.1611863822551833,7.817417433885271,0.8954465506140719,80,15.0,15.349999999999952,True,10.97034228920208,0.393838644757808,median_due_to_ensemble_spread,108,0.3472440339176945,16.843333,0.7197866580323776,15.645,0.6832987239193679,,,,outputs/runup_analysis/early_growth_onset/publication_base_jun1_plus_may26_40_20260603/early_growth_batch_summary.csv,outputs/runup_analysis/early_growth_onset/jun1_normalized_csv_20260602_081655/May27_80wt_15Hz_IMG_0012/early_growth_summary.json,outputs/runup_analysis/early_growth_onset/jun1_normalized_csv_20260602_081655/May27_80wt_15Hz_IMG_0012/early_growth_metrics.csv,publication_base_jun1_plus_may26_40_20260603,0.6359768882196108,0.6393024187067656,outputs/runup_analysis/May27_80wt_15Hz_IMG_0012/accelerometer_gamma_metrics.csv,15.349999999999952,0.6359768882196108,3.755547996427609e-05,0.0453504008884691,4.968707560928089,1207.5574837975128,0.0668384615384615,0.6161930407801589,0.6150501554371867,0.01978384743945194,0.020926732782424184,0.020926732782424184
may27_80wt_15Hz_runup_IMG_0013,2026-06-03T13:22:28+00:00,,accepted,,8.28816298012,0.5920337968849654,0.0122673281926308,0.0120629246383525,-2.1716186453258657,7.624999999999971,1.0,80,15.0,15.349999999999952,True,8.26477598910056,0.5901847539873649,sensitive_q25,108,0.0351014024513544,11.762917,0.6839870142002508,10.3025,0.6482373385217589,,,,outputs/runup_analysis/early_growth_onset/publication_base_jun1_plus_may26_40_20260603/early_growth_batch_summary.csv,outputs/runup_analysis/early_growth_onset/jun1_normalized_csv_20260602_081655/May27_80wt_15Hz_IMG_0013/early_growth_summary.json,outputs/runup_analysis/early_growth_onset/jun1_normalized_csv_20260602_081655/May27_80wt_15Hz_IMG_0013/early_growth_metrics.csv,publication_base_jun1_plus_may26_40_20260603,0.5943133315640615,0.5969595154450558,outputs/runup_analysis/May27_80wt_15Hz_IMG_0013/accelerometer_gamma_metrics.csv,15.349999999999952,0.5943133315640615,3.755547996427609e-05,0.0453504008884691,4.968707560928089,1207.5574837975128,0.0668384615384615,0.6161930407801589,0.6150501554371867,-0.021879709216097387,-0.020736823873125143,0.020736823873125143
may27_80wt_15Hz_runup_IMG_0014,2026-06-03T13:22:55+00:00,,accepted,,14.23863896583,0.6115263708150109,0.0107292703896497,0.0108027228519539,-2.212968902414743,7.624999999999971,1.0,80,15.0,15.349999999999952,True,9.38346491028392,0.4165128390603728,median_due_to_ensemble_spread,108,0.2780682061488483,17.48,0.70338495917531,16.281667,0.6553133265769222,,,,outputs/runup_analysis/early_growth_onset/publication_base_jun1_plus_may26_40_20260603/early_growth_batch_summary.csv,outputs/runup_analysis/early_growth_onset/jun1_normalized_csv_20260602_081655/May27_80wt_15Hz_IMG_0014/early_growth_summary.json,outputs/runup_analysis/early_growth_onset/jun1_normalized_csv_20260602_081655/May27_80wt_15Hz_IMG_0014/early_growth_metrics.csv,publication_base_jun1_plus_may26_40_20260603,0.6067377512950506,0.6098432793586342,outputs/runup_analysis/May27_80wt_15Hz_IMG_0014/accelerometer_gamma_metrics.csv,15.349999999999952,0.6067377512950506,3.755547996427609e-05,0.0453504008884691,4.968707560928089,1207.5574837975128,0.0668384615384615,0.6161930407801589,0.6150501554371867,-0.00945528948510832,-0.008312404142136076,0.008312404142136076
may27_80wt_17Hz_runup_IMG_0015,2026-06-03T16:11:07+00:00,,accepted,,19.59323395299,0.6945235947746068,0.648734059801643,0.6583453635498386,-0.1907003015531824,8.649999999999967,1.0,80,17.0,17.399999999999945,True,15.39195387001053,0.5626859478591963,median_due_to_ensemble_spread,107,0.1590891963672376,18.649167,0.6399373584864624,17.0491665,0.5995768209418533,,,,outputs/runup_analysis/early_growth_onset/manual_review_all_current_20260603/early_growth_batch_summary.csv,outputs/runup_analysis/early_growth_onset/jun1_normalized_csv_20260602_081655/May27_80wt_17Hz_IMG_0015/early_growth_summary.json,outputs/runup_analysis/early_growth_onset/jun1_normalized_csv_20260602_081655/May27_80wt_17Hz_IMG_0015/early_growth_metrics.csv,,0.666310891403116,0.6950107531222462,outputs/runup_analysis/May27_80wt_17Hz_IMG_0015/accelerometer_gamma_metrics.csv,17.399999999999945,0.666310891403116,3.755547996427609e-05,0.0453504008884691,4.968707560928089,1207.5574837975128,0.0668384615384615,0.6730353428720515,0.6719862732267067,-0.006724451468935522,-0.0056753818235907305,0.0056753818235907305
may27_80wt_17Hz_runup_IMG_0016,2026-06-03T16:11:27+00:00,,accepted,,12.80102396929,0.6793368384953694,0.7250877132971465,0.7229370746105919,-0.1412957302738957,8.649999999999967,1.0,80,17.0,17.399999999999945,True,9.017310047346006,0.5813857679332781,sensitive_q25,144,0.0351273885206977,11.446667,0.6503084546739374,10.56875,0.6259053811951506,,,,outputs/runup_analysis/early_growth_onset/manual_review_all_current_20260603/early_growth_batch_summary.csv,outputs/runup_analysis/early_growth_onset/jun1_normalized_csv_20260602_081655/May27_80wt_17Hz_IMG_0016/early_growth_summary.json,outputs/runup_analysis/early_growth_onset/jun1_normalized_csv_20260602_081655/May27_80wt_17Hz_IMG_0016/early_growth_metrics.csv,,0.6529318669159738,0.6809131555832552,outputs/runup_analysis/May27_80wt_17Hz_IMG_0016/accelerometer_gamma_metrics.csv,17.399999999999945,0.6529318669159738,3.755547996427609e-05,0.0453504008884691,4.968707560928089,1207.5574837975128,0.0668384615384615,0.6730353428720515,0.6719862732267067,-0.020103475956077643,-0.019054406310732852,0.019054406310732852
may27_80wt_17Hz_runup_IMG_0017,2026-06-03T16:11:48+00:00,,accepted,,18.49314595562,0.700452296233755,0.6645565715489233,0.6637175805231285,-0.1793499109786393,8.674999999999969,1.0,80,17.0,17.449999999999946,True,15.253178101407446,0.6078395984882136,sensitive_q25,108,0.0189754920514626,17.192917,0.653227613348307,15.961042,0.6287769491615299,,,,outputs/runup_analysis/early_growth_onset/manual_review_all_current_20260603/early_growth_batch_summary.csv,outputs/runup_analysis/early_growth_onset/jun1_normalized_csv_20260602_081655/May27_80wt_17Hz_IMG_0017/early_growth_summary.json,outputs/runup_analysis/early_growth_onset/jun1_normalized_csv_20260602_081655/May27_80wt_17Hz_IMG_0017/early_growth_metrics.csv,,0.6762396866276791,0.7017804172457414,outputs/runup_analysis/May27_80wt_17Hz_IMG_0017/accelerometer_gamma_metrics.csv,17.449999999999946,0.6762396866276791,3.755547996427609e-05,0.0453504008884691,4.968707560928089,1207.5574837975128,0.0668384615384615,0.6756682305528736,0.6735681581869415,0.0005714560748054653,0.0026715284407375917,0.0026715284407375917
jun2_80wt_20Hz_runup_IMG_0003,2026-06-03T13:48:24+00:00,,accepted,,20.70582295031,0.8365695005162461,0.0137933155072161,0.0141030340551157,-2.947607635090527,10.04999999999999,1.0,80,20.0,20.099999999999937,True,11.881070878531006,0.813159538389787,sensitive_q25,108,0.0065217995726799,35.2925,0.8706254441772209,,,accepted,0.5884022262450999,21.772798087597184,outputs/runup_analysis/early_growth_onset/manual_review_all_current_20260603/early_growth_batch_summary.csv,outputs/runup_analysis/early_growth_onset/jun2_60_70_80_20260603_005140/Jun2_80wt_20Hz_IMG_0003/early_growth_summary.json,outputs/runup_analysis/early_growth_onset/jun2_60_70_80_20260603_005140/Jun2_80wt_20Hz_IMG_0003/early_growth_metrics.csv,,0.7798151070724602,0.8345439482223985,outputs/runup_analysis/Jun2_80wt_20Hz_IMG_0003/accelerometer_gamma_metrics.csv,20.099999999999937,0.7798151070724602,3.755547996427609e-05,0.0453504008884691,4.968707560928089,1207.5574837975128,0.0668384615384615,0.7713904831571974,0.7698171703594022,0.008424623915262774,0.009997936713057931,0.009997936713057931
jun2_80wt_20Hz_runup_IMG_0004,2026-06-03T13:48:52+00:00,,accepted,,52.875062873119994,0.8785668768298391,0.0482212352985543,0.0479810281141079,-1.429530743679969,9.99999999999999,1.0,80,20.0,20.099999999999937,False,,,none,0,,12.83625,0.8260206768100035,,,none,,,outputs/runup_analysis/early_growth_onset/manual_review_all_current_20260603/early_growth_batch_summary.csv,outputs/runup_analysis/early_growth_onset/jun2_60_70_80_20260603_005140/Jun2_80wt_20Hz_IMG_0004/early_growth_summary.json,outputs/runup_analysis/early_growth_onset/jun2_60_70_80_20260603_005140/Jun2_80wt_20Hz_IMG_0004/early_growth_metrics.csv,,0.8178789533956394,0.8741888179464908,outputs/runup_analysis/Jun2_80wt_20Hz_IMG_0004/accelerometer_gamma_metrics.csv,20.099999999999937,0.8178789533956394,3.755547996427609e-05,0.0453504008884691,4.968707560928089,1207.5574837975128,0.0668384615384615,0.7713904831571974,0.7698171703594022,0.04648847023844205,0.048061783036237204,0.048061783036237204
jun2_80wt_20Hz_runup_IMG_0005,2026-06-03T13:50:14+00:00,,accepted,,70.65981883043,0.8106187494862194,0.3593111573101785,0.3594387985974738,-0.4568732506236895,9.99999999999999,1.0,80,20.0,20.099999999999937,False,,,none,0,,19.980417,0.7847121104809837,,,none,,,outputs/runup_analysis/early_growth_onset/manual_review_all_current_20260603/early_growth_batch_summary.csv,outputs/runup_analysis/early_growth_onset/jun2_60_70_80_20260603_005140/Jun2_80wt_20Hz_IMG_0005/early_growth_summary.json,outputs/runup_analysis/early_growth_onset/jun2_60_70_80_20260603_005140/Jun2_80wt_20Hz_IMG_0005/early_growth_metrics.csv,,0.755093365003389,0.8132005985295684,outputs/runup_analysis/Jun2_80wt_20Hz_IMG_0005/accelerometer_gamma_metrics.csv,20.099999999999937,0.755093365003389,3.755547996427609e-05,0.0453504008884691,4.968707560928089,1207.5574837975128,0.0668384615384615,0.7713904831571974,0.7698171703594022,-0.01629711815380841,-0.014723805356013253,0.014723805356013253
jun2_80wt_20Hz_runup_IMG_0006,2026-06-03T13:52:45+00:00,,accepted,,29.06065793027,0.8473532895208434,0.019064785028831,0.0192988314209834,-1.9925530018694717,9.949999999999989,1.0,80,20.0,20.099999999999937,True,7.60625,0.7466660944988457,median_due_to_ensemble_spread,30,0.1038785978327035,7.930833,0.7597099342347178,,,best_rejected,0.3178135039547912,8.41320528371803,outputs/runup_analysis/early_growth_onset/manual_review_all_current_20260603/early_growth_batch_summary.csv,outputs/runup_analysis/early_growth_onset/jun2_60_70_80_20260603_005140/Jun2_80wt_20Hz_IMG_0006/early_growth_summary.json,outputs/runup_analysis/early_growth_onset/jun2_60_70_80_20260603_005140/Jun2_80wt_20Hz_IMG_0006/early_growth_metrics.csv,,0.7819567405088235,0.8432176308276025,outputs/runup_analysis/Jun2_80wt_20Hz_IMG_0006/accelerometer_gamma_metrics.csv,20.099999999999937,0.7819567405088235,3.755547996427609e-05,0.0453504008884691,4.968707560928089,1207.5574837975128,0.0668384615384615,0.7713904831571974,0.7698171703594022,0.010566257351626085,0.012139570149421242,0.012139570149421242
may27_80wt_22Hz_runup_IMG_0027,2026-06-03T13:26:33+00:00,,accepted,,15.20955570975589,1.0108254864810484,0.0067078883575973,0.0067751895278564,-2.4535233028606855,10.00533233610307,0.571233996010707,80,22.0,22.649999999999928,True,15.20955570975589,1.0108254864810484,sensitive_q25,102,0.0313182412070232,17.729583,1.0765264313060834,16.8139585,1.0470125673441668,,,,outputs/runup_analysis/early_growth_onset/publication_base_jun1_plus_may26_40_20260603/early_growth_batch_summary.csv,outputs/runup_analysis/early_growth_onset/jun1_normalized_csv_20260602_081655/May27_80wt_22Hz_IMG_0027/early_growth_summary.json,outputs/runup_analysis/early_growth_onset/jun1_normalized_csv_20260602_081655/May27_80wt_22Hz_IMG_0027/early_growth_metrics.csv,publication_base_jun1_plus_may26_40_20260603,1.014434034424902,1.0183871090570733,outputs/runup_analysis/May27_80wt_22Hz_IMG_0027/accelerometer_gamma_metrics.csv,22.649999999999928,1.014434034424902,3.755547996427609e-05,0.0453504008884691,4.968707560928089,1207.5574837975128,0.0668384615384615,0.8853138955897965,0.8846111653451736,0.12912013883510565,0.1298228690797285,0.1298228690797285
may27_80wt_22Hz_runup_IMG_0028,2026-06-03T13:26:42+00:00,,accepted,,21.831035704017633,1.044037558760478,0.00810162487493,0.008086367613669,-2.3017504979418915,11.274999999999984,1.0,80,22.0,22.649999999999928,True,21.831035704017633,1.0440394621897844,sensitive_q25,108,0.0157185003672226,23.421667,1.0818596010592314,22.112917,1.0522250952797545,,,,outputs/runup_analysis/early_growth_onset/publication_base_jun1_plus_may26_40_20260603/early_growth_batch_summary.csv,outputs/runup_analysis/early_growth_onset/jun1_normalized_csv_20260602_081655/May27_80wt_22Hz_IMG_0028/early_growth_summary.json,outputs/runup_analysis/early_growth_onset/jun1_normalized_csv_20260602_081655/May27_80wt_22Hz_IMG_0028/early_growth_metrics.csv,publication_base_jun1_plus_may26_40_20260603,1.0375615233113253,1.0414401523059995,outputs/runup_analysis/May27_80wt_22Hz_IMG_0028/accelerometer_gamma_metrics.csv,22.649999999999928,1.0375615233113253,3.755547996427609e-05,0.0453504008884691,4.968707560928089,1207.5574837975128,0.0668384615384615,0.8853138955897965,0.8846111653451736,0.1522476277215289,0.15295035796615175,0.15295035796615175
may27_80wt_22Hz_runup_IMG_0029,2026-06-03T13:26:52+00:00,,accepted,,18.34638304207117,0.9823136230255242,0.0070989172984002,0.0071602495234652,-2.419604650128052,11.074999999999982,0.7556249326020293,80,22.0,22.649999999999928,True,18.34638304207117,0.9823136230255244,sensitive_q25,96,0.0386870480270413,21.957083,1.0586340949381452,20.5089585,1.0290913759245703,,,,outputs/runup_analysis/early_growth_onset/publication_base_jun1_plus_may26_40_20260603/early_growth_batch_summary.csv,outputs/runup_analysis/early_growth_onset/jun1_normalized_csv_20260602_081655/May27_80wt_22Hz_IMG_0029/early_growth_summary.json,outputs/runup_analysis/early_growth_onset/jun1_normalized_csv_20260602_081655/May27_80wt_22Hz_IMG_0029/early_growth_metrics.csv,publication_base_jun1_plus_may26_40_20260603,0.9731815881037806,0.9771250383120781,outputs/runup_analysis/May27_80wt_22Hz_IMG_0029/accelerometer_gamma_metrics.csv,22.649999999999928,0.9731815881037806,3.755547996427609e-05,0.0453504008884691,4.968707560928089,1207.5574837975128,0.0668384615384615,0.8853138955897965,0.8846111653451736,0.08786769251398419,0.08857042275860705,0.08857042275860705
may27_80wt_25Hz_runup_IMG_0033,2026-06-03T13:27:53+00:00,,accepted,,19.096624248534415,1.2687531094552027,0.008624315349384,0.0086548581076001,-2.2975511467274403,12.62949170108513,1.0,80,25.0,25.799999999999915,True,19.096624248534415,1.2691036166567091,sensitive_q25,108,0.0406028777327169,20.8375,1.34887910819907,19.75375,1.305205438429919,,,,outputs/runup_analysis/early_growth_onset/publication_base_jun1_plus_may26_40_20260603/early_growth_batch_summary.csv,outputs/runup_analysis/early_growth_onset/jun1_normalized_csv_20260602_081655/May27_80wt_25Hz_IMG_0033/early_growth_summary.json,outputs/runup_analysis/early_growth_onset/jun1_normalized_csv_20260602_081655/May27_80wt_25Hz_IMG_0033/early_growth_metrics.csv,publication_base_jun1_plus_may26_40_20260603,1.26612776236787,1.2698149272983,outputs/runup_analysis/May27_80wt_25Hz_IMG_0033/accelerometer_gamma_metrics.csv,25.799999999999915,1.26612776236787,3.755547996427609e-05,0.0453504008884691,4.968707560928089,1207.5574837975128,0.0668384615384615,1.0579943219394605,1.053926839211873,0.20813344042840942,0.21220092315599692,0.21220092315599692
may27_80wt_25Hz_runup_IMG_0034,2026-06-03T13:28:01+00:00,,accepted,,20.0591287591341,1.227251475531419,0.0084243871136035,0.0083816933997509,-2.354681212978717,12.755451762672791,1.0,80,25.0,25.799999999999915,True,20.0591287591341,1.225666651686276,median_due_to_ensemble_spread,108,0.1258741096478579,22.0525,1.3128197284331686,20.841667,1.2649343439972505,,,,outputs/runup_analysis/early_growth_onset/publication_base_jun1_plus_may26_40_20260603/early_growth_batch_summary.csv,outputs/runup_analysis/early_growth_onset/jun1_normalized_csv_20260602_081655/May27_80wt_25Hz_IMG_0034/early_growth_summary.json,outputs/runup_analysis/early_growth_onset/jun1_normalized_csv_20260602_081655/May27_80wt_25Hz_IMG_0034/early_growth_metrics.csv,publication_base_jun1_plus_may26_40_20260603,1.2194494275388315,1.224264496083832,outputs/runup_analysis/May27_80wt_25Hz_IMG_0034/accelerometer_gamma_metrics.csv,25.799999999999915,1.2194494275388315,3.755547996427609e-05,0.0453504008884691,4.968707560928089,1207.5574837975128,0.0668384615384615,1.0579943219394605,1.053926839211873,0.16145510559937093,0.16552258832695843,0.16552258832695843
may27_80wt_25Hz_runup_IMG_0035,2026-06-03T13:28:10+00:00,,accepted,,17.81683988247375,1.2333783811711512,0.0080592060244532,0.0080713109280425,-2.358627070551037,12.602917877175315,1.0,80,25.0,25.799999999999915,True,17.81683988247375,1.2332792036644462,sensitive_q25,108,0.0359408773828915,19.98875,1.3118706248715175,18.8758335,1.272968586837163,,,,outputs/runup_analysis/early_growth_onset/publication_base_jun1_plus_may26_40_20260603/early_growth_batch_summary.csv,outputs/runup_analysis/early_growth_onset/jun1_normalized_csv_20260602_081655/May27_80wt_25Hz_IMG_0035/early_growth_summary.json,outputs/runup_analysis/early_growth_onset/jun1_normalized_csv_20260602_081655/May27_80wt_25Hz_IMG_0035/early_growth_metrics.csv,publication_base_jun1_plus_may26_40_20260603,1.2321588528976213,1.2372259730805433,outputs/runup_analysis/May27_80wt_25Hz_IMG_0035/accelerometer_gamma_metrics.csv,25.799999999999915,1.2321588528976213,3.755547996427609e-05,0.0453504008884691,4.968707560928089,1207.5574837975128,0.0668384615384615,1.0579943219394605,1.053926839211873,0.17416453095816076,0.17823201368574826,0.17823201368574826
may27_80wt_27Hz_runup_IMG_0039,2026-06-03T13:28:47+00:00,,accepted,,10.93420797377,1.4475550556308718,0.0085784209201846,0.0086272172225485,-2.333689068047999,14.17499999999998,1.0,80,27.0,27.749999999999908,True,11.503786452212667,1.4716118307226915,sensitive_q25,108,0.0176158188077231,13.256667,1.5461392233458575,12.88625,1.523653975425318,,,,outputs/runup_analysis/early_growth_onset/publication_base_jun1_plus_may26_40_20260603/early_growth_batch_summary.csv,outputs/runup_analysis/early_growth_onset/jun1_normalized_csv_20260602_081655/May27_80wt_27Hz_IMG_0039/early_growth_summary.json,outputs/runup_analysis/early_growth_onset/jun1_normalized_csv_20260602_081655/May27_80wt_27Hz_IMG_0039/early_growth_metrics.csv,publication_base_jun1_plus_may26_40_20260603,1.4443938052627816,1.4551797941602598,outputs/runup_analysis/May27_80wt_27Hz_IMG_0039/accelerometer_gamma_metrics.csv,27.749999999999908,1.4443938052627816,3.755547996427609e-05,0.0453504008884691,4.968707560928089,1207.5574837975128,0.0668384615384615,1.1726749645897567,1.1726714946191705,0.2717188406730249,0.2717223106436111,0.2717223106436111
may27_80wt_27Hz_runup_IMG_0040,2026-06-03T13:29:04+00:00,,accepted,,15.14704496366,1.4380339974917231,0.0096950550571484,0.009696748387633,-2.2938509351879,13.774999999999974,1.0,80,27.0,27.749999999999908,True,15.31386748858099,1.4466180117133225,sensitive_q25,108,0.0110191670047627,16.8725,1.51270247482353,15.786458,1.4680853907262028,,,,outputs/runup_analysis/early_growth_onset/publication_base_jun1_plus_may26_40_20260603/early_growth_batch_summary.csv,outputs/runup_analysis/early_growth_onset/jun1_normalized_csv_20260602_081655/May27_80wt_27Hz_IMG_0040/early_growth_summary.json,outputs/runup_analysis/early_growth_onset/jun1_normalized_csv_20260602_081655/May27_80wt_27Hz_IMG_0040/early_growth_metrics.csv,publication_base_jun1_plus_may26_40_20260603,1.4208475208909803,1.4315998685268547,outputs/runup_analysis/May27_80wt_27Hz_IMG_0040/accelerometer_gamma_metrics.csv,27.749999999999908,1.4208475208909803,3.755547996427609e-05,0.0453504008884691,4.968707560928089,1207.5574837975128,0.0668384615384615,1.1726749645897567,1.1726714946191705,0.2481725563012236,0.2481760262718098,0.2481760262718098
may27_80wt_27Hz_runup_IMG_0041,2026-06-03T13:29:12+00:00,,accepted,,19.70011442117618,1.428143137410797,0.0076835087256923,0.0076710711438002,-2.2660423140483212,13.763223266823609,1.0,80,27.0,27.749999999999908,True,19.70011442117618,1.4316474177775993,median_due_to_ensemble_spread,96,0.2412874117955199,22.060833,1.5119141651873227,20.6733335,1.46717057741918,,,,outputs/runup_analysis/early_growth_onset/publication_base_jun1_plus_may26_40_20260603/early_growth_batch_summary.csv,outputs/runup_analysis/early_growth_onset/jun1_normalized_csv_20260602_081655/May27_80wt_27Hz_IMG_0041/early_growth_summary.json,outputs/runup_analysis/early_growth_onset/jun1_normalized_csv_20260602_081655/May27_80wt_27Hz_IMG_0041/early_growth_metrics.csv,publication_base_jun1_plus_may26_40_20260603,1.412338548548656,1.4233225736523534,outputs/runup_analysis/May27_80wt_27Hz_IMG_0041/accelerometer_gamma_metrics.csv,27.749999999999908,1.412338548548656,3.755547996427609e-05,0.0453504008884691,4.968707560928089,1207.5574837975128,0.0668384615384615,1.1726749645897567,1.1726714946191705,0.2396635839588992,0.2396670539294854,0.2396670539294854
